time,average position
0.0004906771344455348,0.013192200000000001
0.0009813542688910696,0.013192200000000001
0.0014720314033366045,0.013345600000000003
0.001962708537782139,0.0130388
0.002453385672227674,0.013192200000000001
0.0029440628066732086,0.013192200000000001
0.0034347399411187433,0.013192200000000001
0.003925417075564278,0.013345600000000003
0.004416094210009813,0.0128854
0.004906771344455348,0.0130388
0.0053974484789008825,0.013192200000000001
0.005888125613346417,0.013192200000000001
0.006378802747791952,0.013192200000000001
0.006869479882237487,0.013192200000000001
0.007360157016683021,0.013192200000000001
0.007850834151128557,0.013192200000000001
0.008341511285574092,0.0130388
0.008832188420019626,0.013192200000000001
0.009322865554465161,0.013192200000000001
0.009813542688910696,0.013345600000000003
0.01030421982335623,0.013192200000000001
0.010794896957801765,0.0128854
0.0112855740922473,0.013192200000000001
0.011776251226692834,0.013192200000000001
0.012266928361138369,0.0130388
0.012757605495583904,0.013345600000000003
0.013248282630029438,0.013192200000000001
0.013738959764474973,0.013499
0.014229636898920508,0.013499
0.014720314033366043,0.0136524
0.015210991167811577,0.013499
0.015701668302257114,0.013499
0.01619234543670265,0.013345600000000003
0.016683022571148187,0.013499
0.017173699705593723,0.0136524
0.01766437684003926,0.013499
0.018155053974484796,0.013499
0.018645731108930332,0.013499
0.01913640824337587,0.013345600000000003
0.019627085377821405,0.01349901
0.02011776251226694,0.0136524
0.020608439646712478,0.013499
0.021099116781158014,0.013499
0.02158979391560355,0.0139592
0.022080471050049087,0.013805799999999998
0.022571148184494624,0.013805799999999998
0.02306182531894016,0.013805799999999998
0.023552502453385697,0.013652399999999999
0.024043179587831233,0.013652399999999999
0.02453385672227677,0.013652399999999999
0.025024533856722306,0.013652399999999999
0.025515210991167842,0.013652399999999999
0.02600588812561338,0.0141126
0.026496565260058915,0.0139592
0.02698724239450445,0.0141126
0.027477919528949988,0.014266000000000001
0.027968596663395524,0.014419399999999999
0.02845927379784106,0.01472619
0.028949950932286597,0.01518639
0.029440628066732134,0.01518639
0.02993130520117767,0.01564658
0.030421982335623207,0.01579997
0.030912659470068743,0.016413580000000004
0.031403336604514276,0.01656697
0.03189401373895981,0.01702716
0.03238469087340534,0.01748736
0.032875368007850875,0.01794756
0.03336604514229641,0.01825435
0.03385672227674194,0.01886794
0.034347399411187474,0.019481540000000002
0.03483807654563301,0.019941729999999998
0.03532875368007854,0.020862110000000007
0.03581943081452407,0.02101551
0.036310107948969605,0.021935910000000003
0.03680078508341514,0.022396100000000002
0.03729146221786067,0.022856300000000003
0.037782139352306204,0.02362329
0.03827281648675174,0.023930080000000003
0.03876349362119727,0.024697070000000005
0.0392541707556428,0.02546406
0.039744847890088336,0.02577085
0.04023552502453387,0.02669125
0.0407262021589794,0.027151440000000006
0.041216879293424935,0.02776504
0.04170755642787047,0.02853202000000001
0.042198233562316,0.029299010000000004
0.042688910696761534,0.029605810000000003
0.04317958783120707,0.0306796
0.0436702649656526,0.03129322
0.04416094210009813,0.03221362
0.044651619234543666,0.033134
0.0451422963689892,0.0337476
0.04563297350343473,0.03466799999999999
0.046123650637880265,0.0357417
0.0466143277723258,0.0363553
0.04710500490677133,0.03712228
0.047595682041216864,0.03788928000000001
0.048086359175662396,0.03865628000000001
0.04857703631010793,0.03911648
0.04906771344455346,0.039883470000000004
0.049558390578998995,0.040343670000000005
0.05004906771344453,0.041264060000000005
0.05053974484789006,0.041570850000000006
0.051030421982335594,0.042644650000000006
0.05152109911678113,0.04310487000000001
0.05201177625122666,0.04371847000000001
0.05250245338567219,0.04433207000000001
0.052993130520117726,0.04494567000000001
0.05348380765456326,0.045405860000000006
0.05397448478900879,0.04601946
0.054465161923454325,0.04647966
0.05495583905789986,0.04678646
0.05544651619234539,0.047706860000000004
0.055937193326790924,0.04816706000000001
0.05642787046123646,0.04878064
0.05691854759568199,0.04954763
0.05740922473012752,0.050007829999999996
0.057899901864573056,0.050314630000000006
0.05839057899901859,0.050928230000000005
0.05888125613346412,0.05169523
0.059371933267909655,0.05215543
0.05986261040235519,0.05292241000000001
0.06035328753680072,0.053689310000000004
0.06084396467124625,0.05430291
0.061334641805691786,0.054916509999999995
0.06182531894013732,0.05553009999999999
0.06231599607458285,0.05629708
0.06280667320902839,0.05660388000000001
0.06329735034347392,0.05767766999999999
0.06378802747791945,0.058137869999999994
0.06427870461236498,0.05875146999999999
0.06476938174681052,0.059365070000000006
0.06526005888125605,0.06013207999999999
0.06575073601570158,0.06059228000000001
0.06624141315014712,0.06120586999999998
0.06673209028459265,0.06197286999999999
0.06722276741903818,0.06258647000000002
0.06771344455348371,0.06320006999999998
0.06820412168792925,0.06412046
0.06869479882237478,0.06504084
0.06918547595682031,0.06626804000000001
0.06967615309126585,0.06672823
0.07016683022571138,0.06749522999999999
0.07065750736015691,0.06841562999999999
0.07114818449460245,0.06902922
0.07163886162904798,0.0699496
0.07212953876349351,0.07071649
0.07262021589793904,0.07163679
0.07311089303238458,0.07240379000000001
0.07360157016683011,0.07301738
0.07409224730127564,0.07393777
0.07458292443572118,0.07485816
0.07507360157016671,0.07547174999999999
0.07556427870461224,0.07669894000000002
0.07605495583905778,0.07715914000000001
0.07654563297350331,0.07838632
0.07703631010794884,0.07930672000000001
0.07752698724239437,0.08022711
0.07801766437683991,0.08130089000000003
0.07850834151128544,0.08222128
0.07899901864573097,0.08329508000000002
0.0794896957801765,0.08452226999999998
0.07998037291462204,0.08574947
0.08047105004906757,0.08666984999999999
0.0809617271835131,0.08774362999999999
0.08145240431795864,0.08943102
0.08194308145240417,0.09035142
0.0824337585868497,0.09142523
0.08292443572129524,0.09265242999999998
0.08341511285574077,0.09418642
0.0839057899901863,0.09510681
0.08439646712463184,0.0961806
0.08488714425907737,0.09771449
0.0853778213935229,0.09909509000000001
0.08586849852796843,0.10016889
0.08635917566241397,0.10170289000000002
0.0868498527968595,0.1029301
0.08734052993130503,0.10431069
0.08783120706575057,0.10523109
0.0883218842001961,0.10645827999999999
0.08881256133464163,0.10737870999999999
0.08930323846908717,0.10875929999999998
0.0897939156035327,0.10998649999999999
0.09028459273797823,0.11075349999999999
0.09077526987242376,0.11198069
0.0912659470068693,0.11290110000000002
0.09175662414131483,0.11412818
0.09224730127576036,0.11504858
0.0927379784102059,0.11642918
0.09322865554465143,0.11719617999999998
0.09371933267909696,0.11826998
0.0942100098135425,0.11873017999999999
0.09470068694798803,0.11980386999999999
0.09519136408243356,0.12087767
0.0956820412168791,0.12195145999999998
0.09617271835132463,0.12256506
0.09666339548577016,0.12363885999999999
0.09715407262021569,0.12440585999999998
0.09764474975466123,0.12532616
0.09813542688910676,0.12624656
0.09862610402355229,0.12747365000000002
0.09911678115799782,0.12870084999999998
0.09960745829244336,0.12946785000000002
0.10009813542688889,0.13054164
0.10058881256133442,0.13161541999999998
0.10107948969577996,0.13238242
0.10157016683022549,0.13391642
0.10206084396467102,0.13453002
0.10255152109911655,0.13545042
0.10304219823356209,0.1363708
0.10353287536800762,0.13713782
0.10402355250245315,0.13821161999999998
0.10451422963689869,0.13943883999999998
0.10500490677134422,0.14035924000000002
0.10549558390578975,0.14143303000000002
0.10598626104023529,0.14266023
0.10647693817468082,0.14388742000000002
0.10696761530912635,0.14465442
0.10745829244357188,0.14542141000000003
0.10794896957801742,0.14664861
0.10843964671246295,0.14756891
0.10893032384690848,0.14833590000000002
0.10942100098135402,0.14894949
0.10991167811579955,0.15017669000000003
0.11040235525024508,0.15094369000000002
0.11089303238469062,0.15186409000000003
0.11138370951913615,0.15247768
0.11187438665358168,0.15370487
0.11236506378802721,0.15416507000000002
0.11285574092247275,0.15539226
0.11334641805691828,0.15615926
0.11383709519136381,0.15692626
0.11432777232580935,0.15753984999999998
0.11481844946025488,0.15846024
0.11530912659470041,0.15907383
0.11579980372914594,0.16014762999999999
0.11629048086359148,0.16076123
0.11678115799803701,0.16183502
0.11727183513248254,0.16229522000000002
0.11776251226692808,0.16290882
0.11825318940137361,0.16352241
0.11874386653581914,0.1644428
0.11923454367026468,0.1652098
0.11972522080471021,0.16613022
0.12021589793915574,0.16674371999999998
0.12070657507360127,0.16751072
0.12119725220804681,0.16843111000000002
0.12168792934249234,0.16919810999999998
0.12217860647693787,0.16981171
0.1226692836113834,0.17042531
0.12315996074582894,0.17134561
0.12365063788027447,0.1721126
0.12414131501472,0.1727262
0.12463199214916554,0.17395339999999998
0.12512266928361107,0.1747204
0.1256133464180566,0.17548739000000002
0.12610402355250214,0.17610099
0.12659470068694767,0.17686799
0.1270853778213932,0.17748159000000002
0.12757605495583874,0.17824858999999998
0.12806673209028427,0.17901558000000004
0.1285574092247298,0.17962918
0.12904808635917533,0.18039618
0.12953876349362087,0.18146998
0.1300294406280664,0.18177678
0.13052011776251193,0.18254378
0.13101079489695747,0.18346417999999998
0.131501472031403,0.1840778
0.13199214916584853,0.1848448
0.13248282630029407,0.185305
0.1329735034347396,0.1862254
0.13346418056918513,0.18683900000000003
0.13395485770363066,0.18806620000000002
0.1344455348380762,0.18867979999999998
0.13493621197252173,0.18975360000000002
0.13542688910696726,0.19021380000000004
0.1359175662414128,0.19082739999999998
0.13640824337585833,0.19144100000000003
0.13689892051030386,0.19205460000000002
0.1373895976447494,0.1929749
0.13788027477919493,0.1940487
0.13837095191364046,0.1945089
0.138861629048086,0.1949691
0.13935230618253153,0.19542929999999997
0.13984298331697706,0.1960429
0.1403336604514226,0.1965031
0.14082433758586813,0.19727
0.14131501472031366,0.1977302
0.1418056918547592,0.1984971
0.14229636898920472,0.1991107
0.14278704612365026,0.1994175
0.1432777232580958,0.1997243
0.14376840039254132,0.20033789999999999
0.14425907752698686,0.20095150000000003
0.1447497546614324,0.2014116
0.14524043179587792,0.2021786
0.14573110893032346,0.20279220000000003
0.146221786064769,0.2032524
0.14671246319921452,0.2041728
0.14720314033366005,0.2046329
0.1476938174681056,0.2055533
0.14818449460255112,0.20601350000000002
0.14867517173699665,0.2066271
0.14916584887144219,0.2072407
0.14965652600588772,0.20800770000000002
0.15014720314033325,0.2083145
0.15063788027477878,0.2095417
0.15112855740922432,0.20984849999999997
0.15161923454366985,0.2107689
0.15210991167811538,0.21138249999999997
0.15260058881256092,0.21168930000000002
0.15309126594700645,0.2121495
0.15358194308145198,0.2127631
0.15407262021589752,0.21306989999999998
0.15456329735034305,0.21337670000000003
0.15505397448478858,0.2135301
0.15554465161923411,0.2139903
0.15603532875367965,0.2141437
0.15652600588812518,0.2141437
0.1570166830225707,0.21445050000000002
0.15750736015701625,0.21475729999999998
0.15799803729146178,0.21491070000000004
0.1584887144259073,0.21491069999999998
0.15897939156035285,0.2153709
0.15947006869479838,0.2155243
0.1599607458292439,0.21583110000000003
0.16045142296368944,0.21583110000000003
0.16094210009813498,0.21598450000000002
0.1614327772325805,0.21613790000000002
0.16192345436702604,0.2165981
0.16241413150147158,0.21675149999999999
0.1629048086359171,0.21675149999999999
0.16339548577036264,0.2170583
0.16388616290480817,0.21751839999999997
0.1643768400392537,0.21751839999999997
0.16486751717369924,0.21782519999999997
0.16535819430814477,0.2182854
0.1658488714425903,0.21828540000000002
0.16633954857703584,0.21889899999999995
0.16683022571148137,0.21935919999999998
0.1673209028459269,0.21951259999999997
0.16781157998037244,0.22012619999999994
0.16830225711481797,0.22043299999999996
0.1687929342492635,0.22073979999999999
0.16928361138370904,0.2215068
0.16977428851815457,0.22196700000000003
0.1702649656526001,0.2225806
0.17075564278704564,0.2230408
0.17124631992149117,0.22365440000000003
0.1717369970559367,0.2241146
0.17222767419038224,0.22457480000000002
0.17271835132482777,0.2251884
0.1732090284592733,0.22549519999999998
0.17369970559371883,0.22672240000000002
0.17419038272816437,0.22672240000000002
0.1746810598626099,0.22718249999999998
0.17517173699705543,0.22733589999999998
0.17566241413150097,0.22840969999999997
0.1761530912659465,0.2291767
0.17664376840039203,0.2294835
0.17713444553483756,0.2299436
0.1776251226692831,0.2304038
0.17811579980372863,0.23071060000000002
0.17860647693817416,0.230864
0.1790971540726197,0.23117079999999998
0.17958783120706523,0.23147759999999998
0.18007850834151076,0.23224459999999997
0.1805691854759563,0.23224460000000002
0.18105986261040183,0.23239800000000002
0.18155053974484736,0.23270480000000004
0.1820412168792929,0.23301160000000004
0.18253189401373843,0.23301159999999999
0.18302257114818396,0.23362520000000003
0.1835132482826295,0.2334718
0.18400392541707503,0.23423880000000002
0.18449460255152056,0.23408540000000003
0.1849852796859661,0.2343922
0.18547595682041162,0.2345456
0.18596663395485716,0.23469900000000005
0.1864573110893027,0.23531260000000004
0.18694798822374822,0.23561940000000003
0.18743866535819376,0.23546600000000004
0.1879293424926393,0.236233
0.18842001962708482,0.23638640000000005
0.18891069676153036,0.23684660000000002
0.1894013738959759,0.23715340000000001
0.18989205103042142,0.23746020000000004
0.19038272816486695,0.23746019999999998
0.1908734052993125,0.23807380000000006
0.19136408243375802,0.23838060000000003
0.19185475956820355,0.23853400000000002
0.1923454367026491,0.23884080000000002
0.19283611383709462,0.2391476
0.19332679097154015,0.2391476
0.19381746810598569,0.24006800000000003
0.19430814524043122,0.24022140000000003
0.19479882237487675,0.24022140000000003
0.19528949950932228,0.24022140000000003
0.19578017664376782,0.24052820000000003
0.19627085377821335,0.2406816
0.19676153091265888,0.2409884
0.19725220804710442,0.24098840000000005
0.19774288518154995,0.24114180000000002
0.19823356231599548,0.2414486
0.19872423945044101,0.241602
0.19921491658488655,0.24129520000000002
0.19970559371933208,0.241602
0.2001962708537776,0.2417554
0.20068694798822315,0.2417554
0.20117762512266868,0.24206220000000003
0.2016683022571142,0.242369
0.20215897939155975,0.24221560000000003
0.20264965652600528,0.24221560000000003
0.2031403336604508,0.2428292
0.20363101079489634,0.24282920000000002
0.20412168792934188,0.24298260000000002
0.2046123650637874,0.24313600000000002
0.20510304219823294,0.24298260000000002
0.20559371933267848,0.24328940000000002
0.206084396467124,0.24344280000000001
0.20657507360156954,0.24359620000000004
0.20706575073601508,0.24359620000000004
0.2075564278704606,0.24374960000000004
0.20804710500490614,0.2440564
0.20853778213935167,0.2442098
0.2090284592737972,0.2442098
0.20951913640824274,0.2443632
0.21000981354268827,0.24467000000000003
0.2105004906771338,0.24467000000000003
0.21099116781157934,0.24482340000000002
0.21148184494602487,0.24513020000000002
0.2119725220804704,0.245437
0.21246319921491594,0.245437
0.21295387634936147,0.2455904
0.213444553483807,0.2455904
0.21393523061825254,0.2455904
0.21442590775269807,0.2463574
0.2149165848871436,0.24651079999999997
0.21540726202158914,0.24651079999999997
0.21589793915603467,0.246971
0.2163886162904802,0.2472778
0.21687929342492573,0.2472778
0.21736997055937127,0.247738
0.2178606476938168,0.247738
0.21835132482826233,0.2480448
0.21884200196270787,0.24850499999999998
0.2193326790971534,0.24865839999999997
0.21982335623159893,0.24881179999999997
0.22031403336604446,0.2489652
0.22080471050049,0.2491186
0.22129538763493553,0.249272
0.22178606476938106,0.24957880000000002
0.2222767419038266,0.250039
0.22276741903827213,0.250039
0.22325809617271766,0.25019240000000004
0.2237487733071632,0.25019240000000004
0.22423945044160873,0.25049920000000003
0.22473012757605426,0.25080600000000003
0.2252208047104998,0.2512662
0.22571148184494533,0.2514196
0.22620215897939086,0.2520332
0.2266928361138364,0.2517264
0.22718351324828193,0.2520332
0.22767419038272746,0.25234
0.228164867517173,0.2524934
0.22865554465161853,0.2529536
0.22914622178606406,0.253107
0.2296368989205096,0.2532604
0.23012757605495512,0.2535672
0.23061825318940066,0.25402739999999996
0.2311089303238462,0.25402739999999996
0.23159960745829172,0.2544876
0.23209028459273726,0.25433419999999995
0.2325809617271828,0.25510120000000003
0.23307163886162832,0.2552546
0.23356231599607385,0.25556140000000005
0.2340529931305194,0.25556140000000005
0.23454367026496492,0.2560216
0.23503434739941045,0.25632840000000007
0.235525024533856,0.25678860000000003
0.23601570166830152,0.25694200000000006
0.23650637880274705,0.25678860000000003
0.23699705593719259,0.25724880000000006
0.23748773307163812,0.2574022
0.23797841020608365,0.2577090000000001
0.23846908734052918,0.25816920000000004
0.23895976447497472,0.2583226
0.23945044160942025,0.2586294
0.23994111874386578,0.2589362
0.24043179587831132,0.25908960000000003
0.24092247301275685,0.2592429
0.24141315014720238,0.2600098
0.24190382728164792,0.2598564
0.24239450441609345,0.2603166
0.24288518155053898,0.26047000000000003
0.24337585868498451,0.26123700000000005
0.24386653581943005,0.2615438
0.24435721295387558,0.2616972
0.2448478900883211,0.2623107
0.24533856722276665,0.2627709
0.24582924435721218,0.26323110000000005
0.2463199214916577,0.26323110000000005
0.24681059862610324,0.26369129999999996
0.24730127576054878,0.26445830000000004
0.2477919528949943,0.26461170000000006
0.24828263002943984,0.26491850000000006
0.24877330716388538,0.26522530000000005
0.2492639842983309,0.26599230000000007
0.24975466143277644,0.26614570000000004
0.250245338567222,0.2662991
0.25073601570166754,0.26691270000000006
0.2512266928361131,0.2672194
0.25171736997055866,0.2676796
0.2522080471050042,0.26813980000000004
0.2526987242394498,0.2687534
0.25318940137389534,0.2689068
0.2536800785083409,0.26921350000000005
0.25417075564278646,0.2698271
0.254661432777232,0.2696737
0.2551521099116776,0.27013390000000004
0.25564278704612314,0.27059410000000006
0.2561334641805687,0.2709009
0.25662414131501426,0.27120770000000005
0.2571148184494598,0.2716679
0.2576054955839054,0.2722815
0.25809617271835095,0.2725883
0.2585868498527965,0.2728951
0.25907752698724207,0.27335529999999997
0.25956820412168763,0.27350869999999994
0.2600588812561332,0.2736621
0.26054955839057875,0.27396889999999996
0.2610402355250243,0.2744291
0.26153091265946987,0.2745825
0.26202158979391543,0.2753495
0.262512266928361,0.27550290000000005
0.26300294406280655,0.27580970000000005
0.2634936211972521,0.27657669999999995
0.2639842983316977,0.27703690000000003
0.26447497546614324,0.27719029999999995
0.2649656526005888,0.2774971
0.26545632973503436,0.2774971
0.2659470068694799,0.2781107
0.2664376840039255,0.2785709
0.26692836113837104,0.27887770000000006
0.2674190382728166,0.27933790000000003
0.26790971540726216,0.2797981
0.2684003925417077,0.28025829999999996
0.2688910696761533,0.2808719
0.26938174681059884,0.2814855
0.2698724239450444,0.2814855
0.27036310107948996,0.2820991
0.2708537782139355,0.2824059
0.2713444553483811,0.2830195
0.27183513248282665,0.2833263
0.2723258096172722,0.2831729
0.27281648675171777,0.28363309999999997
0.27330716388616333,0.2837865
0.2737978410206089,0.2840933
0.27428851815505445,0.2848603
0.2747791952895,0.2851671
0.27526987242394557,0.2854739
0.27576054955839113,0.2857807
0.2762512266928367,0.2862409
0.27674190382728225,0.2862409
0.2772325809617278,0.2863943
0.2777232580961734,0.2870079
0.27821393523061894,0.2871613
0.2787046123650645,0.2874681
0.27919528949951006,0.2877748
0.2796859666339556,0.28792819999999997
0.2801766437684012,0.2879283
0.28066732090284674,0.2885419
0.2811579980372923,0.2886953
0.28164867517173786,0.2891555
0.2821393523061834,0.2894623
0.282630029440629,0.2899224
0.28312070657507454,0.2902292
0.2836113837095201,0.290536
0.28410206084396566,0.290536
0.2845927379784112,0.29099620000000004
0.2850834151128568,0.2908428
0.28557409224730235,0.29114959999999995
0.2860647693817479,0.29160980000000003
0.28655544651619347,0.2917632
0.28704612365063903,0.29207
0.2875368007850846,0.2923768
0.28802747791953015,0.2919166
0.2885181550539757,0.29283699999999996
0.28900883218842127,0.29299039999999993
0.28949950932286683,0.2932971999999999
0.2899901864573124,0.2929904
0.29048086359175795,0.29375739999999995
0.2909715407262035,0.29391079999999997
0.2914622178606491,0.29437100000000005
0.29195289499509464,0.2945243999999999
0.2924435721295402,0.294371
0.29293424926398576,0.2949846
0.2934249263984313,0.295138
0.2939156035328769,0.2954448
0.29440628066732244,0.29575160000000006
0.294896957801768,0.29559820000000003
0.29538763493621356,0.29605839999999994
0.2958783120706591,0.29621169999999997
0.2963689892051047,0.29667189999999993
0.29685966633955024,0.29636509999999994
0.2973503434739958,0.29713210000000007
0.29784102060844136,0.29697869999999993
0.2983316977428869,0.29697869999999993
0.2988223748773325,0.2972855
0.29931305201177805,0.29713209999999995
0.2998037291462236,0.2977457
0.30029440628066917,0.29743889999999995
0.30078508341511473,0.2975923
0.3012757605495603,0.2972855
0.30176643768400585,0.2977457
0.3022571148184514,0.29743890000000006
0.30274779195289697,0.29789910000000003
0.30323846908734253,0.2977457
0.3037291462217881,0.2977457
0.30421982335623365,0.2977457
0.3047105004906792,0.29759230000000003
0.3052011776251248,0.2977457
0.30569185475957034,0.2975923
0.3061825318940159,0.29759230000000003
0.30667320902846146,0.29743890000000006
0.307163886162907,0.29759220000000003
0.3076545632973526,0.2974388
0.30814524043179814,0.2974388
0.3086359175662437,0.297132
0.30912659470068926,0.2971319
0.3096172718351348,0.2971319
0.3101079489695804,0.29697850000000003
0.31059862610402594,0.29667180000000004
0.3110893032384715,0.29697860000000004
0.31157998037291706,0.2966718
0.3120706575073626,0.296365
0.3125613346418082,0.29621159999999996
0.31305201177625375,0.2960582
0.3135426889106993,0.2957514
0.31403336604514487,0.2952912
0.31452404317959043,0.29513790000000006
0.315014720314036,0.2948311
0.31550539744848155,0.2951379
0.3159960745829271,0.2945243
0.31648675171737267,0.29406410000000005
0.31697742885181823,0.29406410000000005
0.3174681059862638,0.29360390000000003
0.31795878312070935,0.2932971
0.3184494602551549,0.2929902999999999
0.3189401373896005,0.29268350000000004
0.31943081452404604,0.29253009999999996
0.3199214916584916,0.2922233
0.32041216879293716,0.29145640000000006
0.3209028459273827,0.291303
0.3213935230618283,0.29068940000000004
0.32188420019627384,0.290536
0.3223748773307194,0.2902292
0.32286555446516496,0.2900758
0.3233562315996105,0.2891554
0.3238469087340561,0.28884859999999996
0.32433758586850164,0.28854179999999996
0.3248282630029472,0.28808160000000005
0.32531894013739276,0.28792819999999997
0.3258096172718383,0.28716119999999995
0.3263002944062839,0.2868544
0.32679097154072945,0.285934
0.327281648675175,0.2854738
0.32777232580962057,0.285167
0.32826300294406613,0.28455339999999996
0.3287536800785117,0.2839398
0.32924435721295725,0.2834796
0.3297350343474028,0.2825592
0.33022571148184837,0.28194569999999997
0.33071638861629393,0.28148549999999994
0.3312070657507395,0.2810253
0.33169774288518505,0.2807185
0.3321884200196306,0.2801049
0.3326790971540762,0.27933790000000003
0.33316977428852174,0.27872430000000004
0.3336604514229673,0.2781107
0.33415112855741286,0.2776505
0.3346418056918584,0.2765767
0.335132482826304,0.2765767
0.33562315996074954,0.27580970000000005
0.3361138370951951,0.2747359
0.33660451422964066,0.2744291
0.3370951913640862,0.2738155
0.3375858684985318,0.27304849999999997
0.33807654563297734,0.27228149999999995
0.3385672227674229,0.27136109999999997
0.33905789990186846,0.27074750000000003
0.339548577036314,0.2704407
0.3400392541707596,0.26967369999999996
0.34052993130520515,0.2689068
0.3410206084396507,0.26798639999999996
0.34151128557409627,0.2672194
0.34200196270854183,0.2664524
0.3424926398429874,0.26568559999999997
0.34298331697743295,0.2649186
0.3434739941118785,0.2641516
0.34396467124632407,0.262771
0.34445534838076963,0.2616972
0.3449460255152152,0.261237
0.34543670264966075,0.2603166
0.3459273797841063,0.25939619999999997
0.3464180569185519,0.2578622
0.34690873405299744,0.2575554
0.347399411187443,0.25648168
0.34789008832188856,0.25540788000000003
0.3483807654563341,0.25448748
0.3488714425907797,0.25341368000000003
0.34936211972522524,0.25233987999999996
0.3498527968596708,0.25141948000000003
0.35034347399411636,0.25034568999999995
0.3508341511285619,0.24942528999999997
0.3513248282630075,0.24835148999999998
0.35181550539745304,0.24743109000000002
0.3523061825318986,0.24635729
0.35279685966634416,0.24543689
0.3532875368007897,0.2440563
0.3537782139352353,0.24328940000000002
0.35426889106968085,0.24221560000000003
0.3547595682041264,0.2409884
0.35525024533857197,0.2397612
0.35574092247301753,0.23853401000000002
0.3562315996074631,0.23746020999999998
0.35672227674190865,0.23623301
0.3572129538763542,0.23515920999999995
0.35770363101079977,0.23408541
0.35819430814524533,0.23270481999999998
0.3586849852796909,0.23163102000000002
0.35917566241413645,0.23025052000000001
0.359666339548582,0.22902331999999997
0.3601570166830276,0.22779611999999996
0.36064769381747314,0.22672233
0.3611383709519187,0.22549512999999996
0.36162904808636426,0.22365433
0.3621197252208098,0.22288733
0.3626104023552554,0.22135333
0.36310107948970094,0.21997273
0.3635917566241465,0.21889904
0.36408243375859206,0.21736504
0.3645731108930376,0.21629124000000002
0.3650637880274832,0.21506404000000004
0.36555446516192874,0.21368353999999998
0.3660451422963743,0.21245634000000005
0.36653581943081986,0.21153594999999997
0.3670264965652654,0.21015535000000002
0.367517173699711,0.20892815000000003
0.36800785083415655,0.20754755
0.3684985279686021,0.20601365
0.36898920510304767,0.20463314999999999
0.36947988223749323,0.20355935
0.3699705593719388,0.20248556
0.37046123650638435,0.20110495999999997
0.3709519136408299,0.19972436
0.37144259077527547,0.19819046
0.37193326790972103,0.19696325999999997
0.3724239450441666,0.19604285999999999
0.37291462217861215,0.19404867
0.3734052993130577,0.19297486999999997
0.3738959764475033,0.19144097
0.37438665358194884,0.19006037000000003
0.3748773307163944,0.18867976
0.37536800785083996,0.18729916
0.3758586849852855,0.18576515999999998
0.3763493621197311,0.18361756
0.37684003925417664,0.18239034
0.3773307163886222,0.18100975
0.37782139352306776,0.17962915000000002
0.3783120706575133,0.178401958
0.3788027477919589,0.17656117000000002
0.37929342492640444,0.175180582
0.37978410206085,0.17364658400000002
0.38027477919529556,0.171959188
0.3807654563297411,0.170578598
0.3812561334641867,0.16904460999999998
0.38174681059863225,0.16735721200000003
0.3822374877330778,0.16659021400000001
0.38272816486752337,0.164902826
0.38321884200196893,0.16336883800000002
0.3837095191364145,0.16168144
0.38420019627086005,0.16014754199999998
0.3846908734053056,0.15846015000000002
0.38518155053975117,0.15707956999999997
0.38567222767419673,0.15569907
0.3861629048086423,0.15431847
0.38665358194308785,0.15293797
0.3871442590775334,0.15140398
0.387634936211979,0.15002338999999998
0.38812561334642454,0.14818259
0.3886162904808701,0.14680199
0.38910696761531566,0.14526801000000003
0.3895976447497612,0.14388741
0.3900883218842068,0.14220011999999999
0.39057899901865234,0.14051273
0.3910696761530979,0.13882533000000002
0.39156035328754346,0.13744473
0.392051030421989,0.13591076000000002
0.3925417075564346,0.13422334
0.39303238469088014,0.13284274000000001
0.3935230618253257,0.13084855
0.39401373895977126,0.12931456
0.3945044160942168,0.12778057000000004
0.3949950932286624,0.12593979000000002
0.39548577036310795,0.12425238999999999
0.3959764474975535,0.12287180000000002
0.39646712463199907,0.12103099999999997
0.39695780176644463,0.11965040999999998
0.3974484789008902,0.11780962800000001
0.39793915603533575,0.11627563
0.3984298331697813,0.11458833400000001
0.39892051030422687,0.113361146
0.39941118743867243,0.11152046600000001
0.399901864573118,0.110139872
0.40039254170756355,0.10875927600000002
0.4008832188420091,0.10722527999999998
0.4013738959764547,0.105537886
0.40186457311090024,0.1038505
0.4023552502453458,0.102163212
0.40284592737979136,0.100782624
0.4033366045142369,0.09894182600000001
0.4038272816486825,0.097561228
0.40431795878312804,0.09618064
0.4048086359175736,0.09433985199999999
0.40529931305201916,0.09234566
0.4057899901864647,0.09096507000000001
0.4062806673209103,0.08943106999999999
0.40677134445535584,0.08774369
0.4072620215898014,0.0860563
0.40775269872424696,0.0843689
0.4082433758586925,0.08344849
0.4087340529931381,0.08160769999999999
0.40922473012758365,0.0797669
0.4097154072620292,0.07823292
0.41020608439647477,0.07654553
0.41069676153092033,0.07516494
0.4111874386653659,0.07347755
0.41167811579981145,0.07163676999999999
0.412168792934257,0.07025618
0.41265947006870257,0.06872238
0.41315014720314813,0.06718849000000002
0.4136408243375937,0.06550111
0.41413150147203925,0.06350689
0.4146221786064848,0.0619729
0.4151128557409304,0.06028551
0.41560353287537594,0.05890493
0.4160942100098215,0.057064130000000005
0.41658488714426706,0.05553013
0.4170755642787126,0.053689339999999995
0.4175662414131582,0.052155360000000005
0.41805691854760374,0.05031455
0.4185475956820493,0.048933950000000004
0.41903827281649486,0.046939739999999994
0.4195289499509404,0.04540575
0.420019627085386,0.04371837
0.42051030421983154,0.04203098
0.4210009813542771,0.0400369
0.42149165848872266,0.038963208
0.4219823356231682,0.036969020000000005
0.4224730127576138,0.035435032
0.42296368989205935,0.034054442
0.4234543670265049,0.032520464
0.42394504416095047,0.030986466
0.42443572129539603,0.029299078
0.4249263984298416,0.028071888
0.42541707556428715,0.025924291999999998
0.4259077526987327,0.024543692
0.42639842983317827,0.022856306
0.42688910696762383,0.021475708
0.4273797841020694,0.020095078
0.42787046123651495,0.018254290000000006
0.4283611383709605,0.016873701999999997
0.4288518155054061,0.0154931
0.42934249263985164,0.013805819999999996
0.4298331697742972,0.012271830000000001
0.43032384690874276,0.010737839999999998
0.4308145240431883,0.00920384
0.4313052011776339,0.007669849999999997
0.43179587831207944,0.00567566
0.432286555446525,0.00429518
0.43277723258097056,0.0027611900000000023
0.4332679097154161,0.0007670000000000017
0.4337585868498617,-0.0004601899999999978
0.43424926398430724,-0.0021475799999999996
0.4347399411187528,-0.0039883499999999955
0.43523061825319836,-0.0053689519999999945
0.4357212953876439,-0.0070563399999999995
0.4362119725220895,-0.008590338
0.43670264965653505,-0.010431135999999988
0.4371933267909806,-0.012271913999999998
0.43768400392542617,-0.01411269
0.43817468105987173,-0.015186487999999995
0.4386653581943173,-0.017180675999999995
0.43915603532876285,-0.018714561999999997
0.4396467124632084,-0.01994175
0.44013738959765397,-0.021782529999999998
0.44062806673209953,-0.023163120000000002
0.4411187438665451,-0.024850505999999994
0.44160942100099065,-0.02607770599999999
0.4421000981354362,-0.027458282
0.4425907752698818,-0.028992271999999993
0.44308145240432734,-0.029912667999999996
0.4435721295387729,-0.031293244
0.44406280667321846,-0.03298063799999999
0.444553483807664,-0.034054434
0.4450441609421096,-0.03482144
0.44553483807655514,-0.03650882000000001
0.4460255152110007,-0.03788939799999999
0.44651619234544626,-0.03942339400000001
0.4470068694798918,-0.040036994000000006
0.4474975466143374,-0.041724362
0.44798822374878294,-0.04279814999999999
0.4484789008832285,-0.044025338000000004
0.44896957801767406,-0.04509913
0.4494602551521196,-0.04693992
0.4499509322865652,-0.04816709
0.45044160942101075,-0.04893409
0.4509322865554563,-0.050161279999999996
0.45142296368990187,-0.05169526
0.45191364082434743,-0.05292244
0.452404317958793,-0.05384272
0.45289499509323855,-0.055376720000000004
0.4533856722276841,-0.05645051999999998
0.45387634936212967,-0.057677690000000004
0.45436702649657523,-0.05936507
0.4548577036310208,-0.06013206
0.45534838076546635,-0.061666049999999986
0.4558390578999119,-0.062433039999999995
0.4563297350343575,-0.06396702000000001
0.45682041216880304,-0.06504081
0.4573110893032486,-0.06657482
0.45780176643769416,-0.06764861199999997
0.4582924435721397,-0.0688758
0.4587831207065853,-0.06994959599999999
0.45927379784103084,-0.071023364
0.4597644749754764,-0.072403962
0.46025515210992196,-0.073784538
0.4607458292443675,-0.07470493600000001
0.4612365063788131,-0.07593213400000001
0.46172718351325864,-0.07700592199999999
0.4622178606477042,-0.07807969000000001
0.46270853778214976,-0.07900007800000002
0.4631992149165953,-0.08022728000000003
0.4636898920510409,-0.08114766
0.46418056918548645,-0.08222145
0.464671246319932,-0.08314185000000002
0.46516192345437757,-0.08390887
0.46565260058882313,-0.08513604999999999
0.4661432777232687,-0.08636321999999999
0.46663395485771425,-0.08713021999999998
0.4671246319921598,-0.08835742
0.46761530912660537,-0.08912442000000001
0.46810598626105093,-0.09019820199999999
0.4685966633954965,-0.09127197
0.46908734052994205,-0.09249916799999999
0.4695780176643876,-0.093419564
0.4700686947988332,-0.09464664799999997
0.47055937193327874,-0.095413636
0.4710500490677243,-0.096794228
0.47154072620216986,-0.097868044
0.4720314033366154,-0.09863504
0.472522080471061,-0.10001562400000001
0.47301275760550654,-0.10108941199999999
0.4735034347399521,-0.10216319999999998
0.47399411187439766,-0.10277679799999999
0.4744847890088432,-0.10385059
0.4749754661432888,-0.10446419
0.47546614327773434,-0.10538457999999999
0.4759568204121799,-0.10645836
0.47644749754662546,-0.10753215999999999
0.476938174681071,-0.10814576000000001
0.4774288518155166,-0.10906614999999997
0.47791952894996215,-0.10967974999999999
0.4784102060844077,-0.11075343
0.47890088321885327,-0.11198062999999998
0.47939156035329883,-0.11274764999999998
0.4798822374877444,-0.11320782999999997
0.48037291462218995,-0.11412822
0.4808635917566355,-0.11458842
0.48135426889108107,-0.11504862000000002
0.48184494602552663,-0.11596900999999997
0.4823356231599722,-0.11673599999999999
0.48282630029441775,-0.11719619
0.4833169774288633,-0.11780979
0.4838076545633089,-0.11857677999999998
0.48429833169775444,-0.11903698
0.4847890088322,-0.11949718000000002
0.48527968596664556,-0.12026417
0.4857703631010911,-0.12072436000000002
0.4862610402355367,-0.12164466000000003
0.48675171736998224,-0.12149125999999999
0.4872423945044278,-0.12195145
0.48773307163887336,-0.12256503999999999
0.4882237487733189,-0.12302524
0.4887144259077645,-0.12348543000000003
0.48920510304221004,-0.12394563000000003
0.4896957801766556,-0.12455922999999999
0.49018645731110116,-0.12486602
0.4906771344455467,-0.12517282000000002
0.4911678115799923,-0.12563304
0.49165848871443785,-0.12609323
0.4921491658488834,-0.12655343
0.49263984298332897,-0.12670682
0.49313052011777453,-0.12732042000000002
0.4936211972522201,-0.12762721999999999
0.49411187438666565,-0.12778062000000004
0.4946025515211112,-0.12839422
0.49509322865555677,-0.12885439999999998
0.49558390579000233,-0.1285476
0.4960745829244479,-0.1288544
0.49656526005889345,-0.12946799999999997
0.497055937193339,-0.12977480000000002
0.4975466143277846,-0.1299282
0.49803729146223014,-0.13023498000000003
0.4985279685966757,-0.13069518000000002
0.49901864573112126,-0.13069518
0.4995093228655668,-0.13100188
0.5000000000000123,-0.13115528
0.5004906771344578,-0.13161548
0.5009813542689033,-0.13207567
0.5014720314033488,-0.13268929000000002
0.5019627085377943,-0.13268929
0.5024533856722398,-0.13299609
0.5029440628066854,-0.13314948
0.5034347399411309,-0.13376308
0.5039254170755764,-0.13391658
0.5044160942100219,-0.13437678
0.5049067713444674,-0.13453018000000003
0.5053974484789129,-0.1346836
0.5058881256133584,-0.135604
0.5063788027478039,-0.1352972
0.5068694798822494,-0.1362176
0.5073601570166949,-0.13621750000000002
0.5078508341511404,-0.13652430000000002
0.5083415112855859,-0.13667769999999999
0.5088321884200314,-0.1369845
0.5093228655544769,-0.13744470000000003
0.5098135426889224,-0.13713790000000003
0.5103042198233679,-0.1375981
0.5107948969578134,-0.13775150000000003
0.5112855740922589,-0.13759810000000003
0.5117762512267044,-0.1377515
0.51226692836115,-0.13805830000000002
0.5127576054955955,-0.1382116
0.513248282630041,-0.138365
0.5137389597644865,-0.1385184
0.514229636898932,-0.138365
0.5147203140333775,-0.13821159999999996
0.515210991167823,-0.13851839999999999
0.5157016683022685,-0.1388252
0.516192345436714,-0.13851839999999999
0.5166830225711595,-0.13851839999999999
0.517173699705605,-0.138365
0.5176643768400505,-0.13851839999999996
0.518155053974496,-0.13821159999999996
0.5186457311089415,-0.13821159999999996
0.519136408243387,-0.1377514
0.5196270853778325,-0.1380582
0.520117762512278,-0.1377514
0.5206084396467235,-0.137598
0.521099116781169,-0.137598
0.5215897939156146,-0.1372912
0.5220804710500601,-0.13713779999999998
0.5225711481845056,-0.1371378
0.5230618253189511,-0.13683099999999998
0.5235525024533966,-0.13683099999999998
0.5240431795878421,-0.1366776
0.5245338567222876,-0.1363708
0.5250245338567331,-0.13652419999999998
0.5255152109911786,-0.1362174
0.5260058881256241,-0.13637079999999996
0.5264965652600696,-0.1362174
0.5269872423945151,-0.13575719999999997
0.5274779195289606,-0.136064
0.5279685966634061,-0.1356038
0.5284592737978516,-0.1357572
0.5289499509322971,-0.13575730000000003
0.5294406280667426,-0.1356039
0.5299313052011881,-0.13545049999999997
0.5304219823356336,-0.13499029999999998
0.5309126594700792,-0.13545049999999997
0.5314033366045247,-0.13529709999999998
0.5318940137389702,-0.13545049999999997
0.5323846908734157,-0.13483689999999998
0.5328753680078612,-0.13514369999999998
0.5333660451423067,-0.13483689999999998
0.5338567222767522,-0.1343767
0.5343473994111977,-0.1345301
0.5348380765456432,-0.13437670000000002
0.5353287536800887,-0.1342233
0.5358194308145342,-0.1342233
0.5363101079489797,-0.13406990000000002
0.5368007850834252,-0.13376310000000002
0.5372914622178707,-0.13406990000000002
0.5377821393523162,-0.13406990000000002
0.5382728164867617,-0.13391650000000002
0.5387634936212072,-0.13360970000000003
0.5392541707556527,-0.13330290000000003
0.5397448478900982,-0.13314950000000003
0.5402355250245438,-0.1329961
0.5407262021589893,-0.13345630000000003
0.5412168792934348,-0.13299610000000003
0.5417075564278803,-0.13299610000000003
0.5421982335623258,-0.13284268000000002
0.5426889106967713,-0.13238248000000002
0.5431795878312168,-0.13268928000000002
0.5436702649656623,-0.13222908000000003
0.5441609421001078,-0.13207568000000003
0.5446516192345533,-0.13207568
0.5451422963689988,-0.13192228
0.5456329735034443,-0.13161548
0.5461236506378898,-0.13146209000000003
0.5466143277723353,-0.13115529
0.5471050049067808,-0.13100189
0.5475956820412263,-0.13084849
0.5480863591756718,-0.13054169000000002
0.5485770363101173,-0.13023489000000002
0.5490677134445628,-0.13023490000000001
0.5495583905790083,-0.12992810000000002
0.5500490677134539,-0.12992810000000002
0.5505397448478994,-0.1296213
0.5510304219823449,-0.12931450000000003
0.5515210991167904,-0.12916110000000003
0.5520117762512359,-0.12900771000000003
0.5525024533856814,-0.12870091
0.5529931305201269,-0.12839410999999998
0.5534838076545724,-0.12839410999999998
0.5539744847890179,-0.12839411
0.5544651619234634,-0.12824071
0.5549558390579089,-0.12793391999999998
0.5554465161923544,-0.12778052
0.5559371933267999,-0.12716692
0.5564278704612454,-0.12732032
0.5569185475956909,-0.12686011999999997
0.5574092247301364,-0.12670673
0.5578999018645819,-0.12655332999999996
0.5583905789990274,-0.12609313
0.558881256133473,-0.12578633
0.5593719332679185,-0.12563293999999997
0.559862610402364,-0.12517274
0.5603532875368095,-0.12532614
0.560843964671255,-0.12532614
0.5613346418057005,-0.12471254000000001
0.561825318940146,-0.12455913999999998
0.5623159960745915,-0.12394554999999999
0.562806673209037,-0.12348534999999998
0.5632973503434825,-0.12363874999999999
0.563788027477928,-0.12317855
0.5642787046123735,-0.12302516
0.564769381746819,-0.12256495999999999
0.5652600588812645,-0.12179796000000001
0.56575073601571,-0.12195136
0.5662414131501555,-0.12164457
0.566732090284601,-0.12133776999999998
0.5672227674190465,-0.12072416999999999
0.567713444553492,-0.12087756999999999
0.5682041216879375,-0.12057077000000001
0.568694798822383,-0.12026398
0.5691854759568286,-0.11980378
0.5696761530912741,-0.11980378
0.5701668302257196,-0.11934358
0.5706575073601651,-0.11934358
0.5711481844946106,-0.11872999000000002
0.5716388616290561,-0.11842318999999998
0.5721295387635016,-0.11826979199999998
0.5726202158979471,-0.11796299399999999
0.5731108930323926,-0.11780959599999999
0.5736015701668381,-0.11734939999999998
0.5740922473012836,-0.11704260199999998
0.5745829244357291,-0.11642900399999997
0.5750736015701746,-0.11627560599999998
0.5755642787046201,-0.11612220799999999
0.5760549558390656,-0.11581541
0.5765456329735111,-0.11596881199999998
0.5770363101079566,-0.11520181
0.5775269872424021,-0.11520181999999998
0.5780176643768477,-0.11474161999999999
0.5785083415112932,-0.11474161999999999
0.5789990186457387,-0.11428152
0.5794896957801842,-0.11366792
0.5799803729146297,-0.11351453
0.5804710500490752,-0.11320772999999999
0.5809617271835207,-0.11244073000000002
0.5814524043179662,-0.11244073000000002
0.5819430814524117,-0.11213393
0.5824337585868572,-0.11152034
0.5829244357213027,-0.11136694
0.5834151128557482,-0.11075334
0.5839057899901937,-0.11013974
0.5843964671246392,-0.10952615000000002
0.5848871442590847,-0.10906595
0.5853778213935302,-0.10845235
0.5858684985279757,-0.10768534999999999
0.5863591756624212,-0.10753195
0.5868498527968667,-0.10691836000000002
0.5873405299313122,-0.10645813999999998
0.5878312070657578,-0.10584454000000001
0.5883218842002033,-0.10538433999999999
0.5888125613346488,-0.10492413999999999
0.5893032384690943,-0.10415714999999999
0.5897939156035398,-0.10385035000000001
0.5902845927379853,-0.10339015
0.5907752698724308,-0.10292995
0.5912659470068763,-0.10231636000000002
0.5917566241413218,-0.10154937
0.5922473012757673,-0.10139597
0.5927379784102128,-0.10032226999999998
0.5932286555446583,-0.10032227
0.5937193326791038,-0.09970878000000001
0.5942100098135493,-0.09894169
0.5947006869479948,-0.09848159
0.5951913640824403,-0.09771458999999999
0.5956820412168858,-0.0969477
0.5961727183513313,-0.097101
0.5966633954857768,-0.09602730999999999
0.5971540726202224,-0.09556711
0.5976447497546679,-0.09495350999999999
0.5981354268891134,-0.09433992
0.5986261040235589,-0.09372632
0.5991167811580044,-0.09311272000000001
0.5996074582924499,-0.09249912
0.6000981354268954,-0.09219234000000001
0.6005888125613409,-0.09157873999999999
0.6010794896957864,-0.09081174
0.6015701668302319,-0.08989134000000001
0.6020608439646774,-0.08912434
0.6025515210991229,-0.08897092000000001
0.6030421982335684,-0.08820393
0.6035328753680139,-0.08759033
0.6040235525024594,-0.08713013
0.6045142296369049,-0.08651651
0.6050049067713504,-0.08544269
0.6054955839057959,-0.08498249000000001
0.6059862610402414,-0.08452229000000001
0.606476938174687,-0.083602
0.6069676153091325,-0.0829885
0.607458292443578,-0.0825283
0.6079489695780235,-0.08176131
0.608439646712469,-0.08099431000000001
0.6089303238469145,-0.08022741000000001
0.60942100098136,-0.07946042
0.6099116781158055,-0.07884683
0.610402355250251,-0.07807984
0.6108930323846965,-0.07685264
0.611383709519142,-0.07639244
0.6118743866535875,-0.07593224000000001
0.612365063788033,-0.07485844999999999
0.6128557409224785,-0.07378465999999999
0.613346418056924,-0.07332445
0.6138370951913695,-0.07286425
0.614327772325815,-0.07194385
0.6148184494602605,-0.07102345
0.615309126594706,-0.07025646
0.6157998037291516,-0.06933607
0.6162904808635971,-0.06826229
0.6167811579980426,-0.06718849
0.6172718351324881,-0.06642147
0.6177625122669336,-0.06550107
0.6182531894013791,-0.06427390000000001
0.6187438665358246,-0.06320011
0.6192345436702701,-0.06258651
0.6197252208047156,-0.06105250999999999
0.6202158979391611,-0.06043891
0.6207065750736066,-0.05921172
0.6211972522080521,-0.058291340000000004
0.6216879293424976,-0.057370939999999995
0.6221786064769431,-0.05614376
0.6226692836113886,-0.054916558000000004
0.6231599607458341,-0.05414957
0.6236506378802796,-0.053075771999999986
0.6241413150147251,-0.051541874
0.6246319921491706,-0.05046807600000001
0.6251226692836162,-0.049394287999999995
0.6256133464180617,-0.0483205
0.6261040235525072,-0.047093291999999995
0.6265947006869527,-0.045866104
0.6270853778213982,-0.044792306
0.6275760549558437,-0.04325831000000001
0.6280667320902892,-0.042491320000000006
0.6285574092247347,-0.040803941999999996
0.6290480863591802,-0.03957676
0.6295387634936257,-0.038502980000000006
0.6300294406280712,-0.037275779999999994
0.6305201177625167,-0.03589519000000001
0.6310107948969622,-0.03497479999999999
0.6315014720314077,-0.03328742999999999
0.6319921491658532,-0.03221364
0.6324828263002987,-0.031139940000000005
0.6329735034347442,-0.029759360000000002
0.6334641805691897,-0.028378769999999998
0.6339548577036352,-0.026844780000000002
0.6344455348380807,-0.0254642
0.6349362119725263,-0.024237009999999996
0.6354268891069718,-0.023316618000000004
0.6359175662414173,-0.02224284
0.6364082433758628,-0.020708841999999998
0.6368989205103083,-0.019174864000000003
0.6373895976447538,-0.017947674
0.6378802747791993,-0.016260310000000007
0.6383709519136448,-0.015339916
0.6388616290480903,-0.013959297999999998
0.6393523061825358,-0.012271904
0.6398429833169813,-0.011198118000000002
0.6403336604514268,-0.009664152
0.6408243375858723,-0.008590363999999996
0.6413150147203178,-0.007209766000000001
0.6418056918547633,-0.005675781999999997
0.6422963689892088,-0.004448595999999998
0.6427870461236543,-0.002914598
0.6432777232580998,-0.0016874300000000002
0.6437684003925453,-5.400000000072014e-08
0.6442590775269909,0.001687333999999998
0.6447497546614364,0.0027611220000000034
0.6452404317958819,0.004295118
0.6457311089303274,0.0059825
0.6462217860647729,0.007056270000000001
0.6467124631992184,0.008897060000000002
0.6472031403336639,0.010124239999999998
0.6476938174681094,0.01165826
0.6481844946025549,0.013192220000000001
0.6486751717370004,0.014572819999999997
0.6491658488714459,0.016413612
0.6496565260058914,0.017640792000000002
0.6501472031403369,0.019481558000000003
0.6506378802747824,0.020708736000000002
0.6511285574092279,0.022549523999999994
0.6516192345436734,0.024083512
0.6521099116781189,0.0254641
0.6526005888125644,0.026691277999999995
0.65309126594701,0.028532066000000002
0.6535819430814555,0.029605832
0.654072620215901,0.03175341400000001
0.6545632973503465,0.03282721
0.655053974484792,0.0343612
0.6555446516192375,0.035741756
0.656035328753683,0.037429144
0.6565260058881285,0.038809734
0.657016683022574,0.040497118
0.6575073601570195,0.041724318
0.657998037291465,0.043258295999999995
0.6584887144259105,0.044638854000000006
0.658979391560356,0.046326242000000004
0.6594700686948015,0.04770684
0.659960745829247,0.049087408
0.6604514229636925,0.050774796
0.660942100098138,0.052001964
0.6614327772325835,0.052615564000000004
0.661923454367029,0.05491657000000001
0.6624141315014745,0.056297148
0.66290480863592,0.05752433800000001
0.6633954857703656,0.058751529999999996
0.6638861629048111,0.05997869
0.6643768400392566,0.061512670000000005
0.6648675171737021,0.06258647
0.6653581943081476,0.06412046000000002
0.6658488714425931,0.06565445
0.6663395485770386,0.06657483
0.6668302257114841,0.06764860000000002
0.6673209028459296,0.06918258000000001
0.6678115799803751,0.07040978
0.6683022571148206,0.07194376999999999
0.6687929342492661,0.07286414999999999
0.6692836113837116,0.07409133999999999
0.6697742885181571,0.07547182999999999
0.6702649656526026,0.07700583000000001
0.6707556427870481,0.07823303
0.6712463199214936,0.07946022
0.6717369970559391,0.08068743
0.6722276741903846,0.08206802
0.6727183513248302,0.08268162
0.6732090284592757,0.08452240000000001
0.6736997055937212,0.085903
0.6741903827281667,0.0872835
0.6746810598626122,0.08866407000000001
0.6751717369970577,0.089584472
0.6756624141315032,0.09065825000000001
0.6761530912659487,0.091885448
0.6766437684003942,0.092959248
0.6771344455348397,0.094339746
0.6776251226692852,0.095413424
0.6781157998037307,0.096333802
0.6786064769381762,0.098021202
0.6790971540726217,0.09924839599999999
0.6795878312070672,0.10047559399999999
0.6800785083415127,0.10170291000000001
0.6805691854759582,0.10308351399999997
0.6810598626104037,0.10415731000000002
0.6815505397448492,0.105384506
0.6820412168792948,0.106611706
0.6825318940137403,0.10753209400000001
0.6830225711481858,0.108912682
0.6835132482826313,0.10983308
0.6840039254170768,0.111520478
0.6844946025515223,0.11274767
0.6849852796859678,0.11382146
0.6854759568204133,0.11504855
0.6859666339548588,0.11612225000000001
0.6864573110893043,0.11765624999999999
0.6869479882237498,0.11842324
0.6874386653581953,0.11980383000000001
0.6879293424926408,0.12103101999999999
0.6884200196270863,0.12225822000000001
0.6889106967615318,0.12302521000000002
0.6894013738959773,0.12471259999999999
0.6898920510304228,0.12578640000000002
0.6903827281648683,0.12701358000000001
0.6908734052993138,0.12839418
0.6913640824337594,0.12900778000000002
0.6918547595682049,0.13084859999999998
0.6923454367026504,0.1317691
0.6928361138370959,0.13268947999999997
0.6933267909715414,0.13407008
0.6938174681059869,0.13529728
0.6943081452404324,0.13652448
0.6947988223748779,0.13759828000000002
0.6952894995093234,0.13897885999999998
0.6957801766437689,0.13989924
0.6962708537782144,0.14097304000000002
0.6967615309126599,0.14235364
0.6972522080471054,0.14342744000000002
0.6977428851815509,0.14450105
0.6982335623159964,0.14526794999999998
0.6987242394504419,0.14618834
0.6992149165848874,0.14756893999999998
0.6997055937193329,0.14833594000000003
0.7001962708537784,0.14956304999999998
0.700686947988224,0.15033004
0.7011776251226695,0.15140383
0.701668302257115,0.15201744
0.7021589793915605,0.15309124
0.702649656526006,0.15370474
0.7031403336604515,0.15462515000000002
0.703631010794897,0.15539213999999998
0.7041216879293425,0.15646593999999997
0.704612365063788,0.15707954
0.7051030421982335,0.15799994
0.705593719332679,0.15907374000000002
0.7060843964671245,0.15999413999999998
0.70657507360157,0.16106794
0.7070657507360155,0.16214173000000004
0.707556427870461,0.16275533
0.7080471050049065,0.16352223
0.708537782139352,0.16459602999999998
0.7090284592737975,0.16536303
0.709519136408243,0.16643684
0.7100098135426886,0.16705043000000003
0.7105004906771341,0.16781735
0.7109911678115796,0.16858435
0.7114818449460251,0.16965815
0.7119725220804706,0.17073196000000002
0.7124631992149161,0.17149896
0.7129538763493616,0.17241937999999998
0.7134445534838071,0.17333978
0.7139352306182526,0.17426018000000001
0.7144259077526981,0.17548739
0.7149165848871436,0.17594748999999998
0.7154072620215891,0.17686789
0.7158979391560346,0.17778829199999996
0.7163886162904801,0.17855529399999998
0.7168792934249256,0.17947569600000002
0.7173699705593711,0.18024269800000003
0.7178606476938166,0.181009698
0.7183513248282621,0.18193009999999998
0.7188420019627076,0.18239030199999998
0.7193326790971531,0.18331060200000002
0.7198233562315987,0.183924204
0.7203140333660442,0.18469120399999997
0.7208047105004897,0.18515140800000002
0.7212953876349352,0.185611608
0.7217860647693807,0.18622520999999997
0.7222767419038262,0.18668541
0.7227674190382717,0.18729901200000001
0.7232580961727172,0.18775920999999998
0.7237487733071627,0.18837272
0.7242394504416082,0.18898631999999999
0.7247301275760537,0.18913972
0.7252208047104992,0.18959991999999998
0.7257114818449447,0.19052032000000002
0.7262021589793902,0.19082712000000002
0.7266928361138357,0.19159412
0.7271835132482812,0.19174752
0.7276741903827267,0.19205432
0.7281648675171722,0.19251451999999997
0.7286555446516177,0.19312812000000001
0.7291462217860633,0.19343492999999998
0.7296368989205088,0.19404853
0.7301275760549543,0.19466213
0.7306182531893998,0.19481553
0.7311089303238453,0.19481553
0.7315996074582908,0.19527573
0.7320902845927363,0.19542913
0.7325809617271818,0.19573592999999997
0.7330716388616273,0.19588933
0.7335623159960728,0.19588932999999997
0.7340529931305183,0.19604273
0.7345436702649638,0.19573592999999997
0.7350343473994093,0.19588933
0.7355250245338548,0.19634953
0.7360157016683003,0.19604272999999997
0.7365063788027458,0.19558252999999998
0.7369970559371913,0.19558242999999997
0.7374877330716368,0.19558243
0.7379784102060823,0.19527573
0.7384690873405279,0.19481553
0.7389597644749734,0.19450883
0.7394504416094189,0.19404862999999997
0.7399411187438644,0.19374192999999998
0.7404317958783099,0.19328172999999998
0.7409224730127554,0.19282153
0.7414131501472009,0.19190113000000003
0.7419038272816464,0.19174772999999998
0.7423945044160919,0.19098073
0.7428851815505374,0.19021372999999997
0.7433758586849829,0.18990692999999997
0.7438665358194284,0.18898653
0.7443572129538739,0.18837293
0.7448478900883194,0.18745252999999998
0.7453385672227649,0.18607193
0.7458292443572104,0.18545832999999998
0.7463199214916559,0.18392423
0.7468105986261014,0.18285042999999998
0.747301275760547,0.18177663
0.7477919528949925,0.18100962999999998
0.748282630029438,0.17932223
0.7487733071638835,0.17855523
0.749263984298329,0.17702122999999997
0.7497546614327745,0.17594753
0.75024533856722,0.17456693
0.7507360157016655,0.17333972999999997
0.751226692836111,0.17180572999999996
0.7517173699705565,0.17042523
0.752208047105002,0.16965821
0.7526987242394475,0.16766410999999998
0.753189401373893,0.16659031000000002
0.7536800785083385,0.16520972
0.754170755642784,0.16321551999999998
0.7546614327772295,0.16137492000000003
0.755152109911675,0.15984093000000002
0.7556427870461205,0.15846031
0.756133464180566,0.15692630999999999
0.7566241413150115,0.15493211999999998
0.757114818449457,0.15278452999999997
0.7576054955839026,0.15125054
0.7580961727183481,0.14940972
0.7585868498527936,0.14772232999999996
0.7590775269872391,0.14588154
0.7595682041216846,0.14419414999999997
0.7600588812561301,0.14235335999999998
0.7605495583905756,0.14066597
0.7610402355250211,0.13867179
0.7615309126594666,0.13652429000000002
0.7620215897939121,0.13514369
0.7625122669283576,0.13330292
0.7630029440628031,0.13207572
0.7634936211972486,0.12977473
0.7639842983316941,0.12854754000000002
0.7644749754661396,0.12655335
0.7649656526005851,0.12517276000000002
0.7654563297350306,0.12394558000000003
0.7659470068694761,0.12210478
0.7664376840039216,0.12041737999999999
0.7669283611383672,0.11857668999999997
0.7674190382728127,0.11704281000000001
0.7679097154072582,0.11520211
0.7684003925417037,0.11366811800000001
0.7688910696761492,0.11213412
0.7693817468105947,0.109986534
0.7698724239450402,0.108299148
0.7703631010794857,0.10661175
0.7708537782139312,0.105231144
0.7713444553483767,0.10385052600000003
0.7718351324828222,0.10200972800000001
0.7723258096172677,0.10047584999999999
0.7728164867517132,0.09878845
0.7733071638861587,0.09710107999999999
0.7737978410206042,0.09572049999999999
0.7742885181550497,0.09372630000000001
0.7747791952894952,0.09265248
0.7752698724239407,0.09065829
0.7757605495583862,0.08927771
0.7762512266928318,0.08805052
0.7767419038272773,0.08620975000000002
0.7772325809617228,0.08513595200000001
0.7777232580961683,0.083141774
0.7782139352306138,0.08206797199999999
0.7787046123650593,0.080380586
0.7791952894995048,0.0791534
0.7796859666339503,0.07761942000000001
0.7801766437683958,0.07639222399999998
0.7806673209028413,0.074858236
0.7811579980372868,0.07317085999999999
0.7816486751717323,0.07209706
0.7821393523061778,0.07102326
0.7826300294406233,0.06948928200000001
0.7831207065750688,0.068415492
0.7836113837095143,0.067341794
0.7841020608439598,0.065961198
0.7845927379784053,0.064734004
0.7850834151128508,0.06350682199999999
0.7855740922472964,0.061972822
0.7860647693817419,0.06074563000000001
0.7865554465161874,0.05997863
0.7870461236506329,0.058444626
0.7875368007850784,0.057524224
0.7880274779195239,0.056143632
0.7885181550539694,0.055069842
0.7890088321884149,0.053996144
0.7894995093228604,0.052768954
0.7899901864573059,0.051388368000000004
0.7904808635917514,0.05031456599999999
0.7909715407261969,0.048780580000000004
0.7914622178606424,0.047706792000000005
0.7919528949950879,0.046326194
0.7924435721295334,0.045405796000000005
0.7929342492639789,0.04387183400000001
0.7934249263984244,0.042644636
0.7939156035328699,0.041570946000000004
0.7944062806673154,0.040036948
0.794896957801761,0.03911655000000001
0.7953876349362065,0.03804275
0.795878312070652,0.03620197400000001
0.7963689892050975,0.035281586
0.796859666339543,0.03374758600000001
0.7973503434739885,0.032673799999999996
0.797841020608434,0.03129321
0.7983316977428795,0.030372812
0.798822374877325,0.029145614000000004
0.7993130520117705,0.028071816
0.799803729146216,0.026844628
0.8002944062806615,0.02592423
0.800785083415107,0.024697152
0.8012757605495525,0.023930144
0.801766437683998,0.022549566
0.8022571148184435,0.021322368
0.802747791952889,0.020555368
0.8032384690873345,0.019788359999999998
0.80372914622178,0.018561168
0.8042198233562255,0.017487368
0.804710500490671,0.016413577999999998
0.8052011776251166,0.015646587999999996
0.8056918547595621,0.014572787999999998
0.8061825318940076,0.013805795999999999
0.8066732090284531,0.012732007999999998
0.8071638861628986,0.011965008
0.8076545632973441,0.011658307999999997
0.8081452404317896,0.010584525999999999
0.8086359175662351,0.009817528
0.8091265947006806,0.009510726
0.8096172718351261,0.008590337999999998
0.8101079489695716,0.008130127999999997
0.8105986261040171,0.007516525999999998
0.8110893032384626,0.006596147999999998
0.8115799803729081,0.006442727999999997
0.8120706575073536,0.005982523999999999
0.8125613346417991,0.005368935999999998
0.8130520117762446,0.004601945999999997
0.8135426889106901,0.004141755999999999
0.8140333660451357,0.003988355999999999
0.8145240431795812,0.003834966000000001
0.8150147203140267,0.0029145660000000004
0.8155053974484722,0.0027611739999999995
0.8159960745829177,0.0018407859999999994
0.8164867517173632,0.0013805880000000003
0.8169774288518087,0.0010737779999999992
0.8174681059862542,0.00046018799999999923
0.8179587831206997,0.0001534080000000007
0.8184494602551452,-0.00030678200000000024
0.8189401373895907,-0.0007669819999999997
0.8194308145240362,-0.0012271820000000003
0.8199214916584817,-0.0015339740000000004
0.8204121687929272,-0.0016873720000000008
0.8209028459273727,-0.0023009620000000014
0.8213935230618182,-0.0029145580000000007
0.8218842001962637,-0.002914550000000002
0.8223748773307092,-0.0035281479999999996
0.8228655544651547,-0.003834946
0.8233562315996003,-0.004295143999999999
0.8238469087340458,-0.004755342000000001
0.8243375858684913,-0.005522325999999999
0.8248282630029368,-0.005982513999999999
0.8253189401373823,-0.006135916
0.8258096172718278,-0.00674951
0.8263002944062733,-0.007056308000000002
0.8267909715407188,-0.007823294000000001
0.8272816486751643,-0.008590280000000002
0.8277723258096098,-0.008897080000000002
0.8282630029440553,-0.009203878
0.8287536800785008,-0.009664065999999999
0.8292443572129463,-0.010124272
0.8297350343473918,-0.010584466000000002
0.8302257114818373,-0.010737866000000002
0.8307163886162828,-0.011351452000000003
0.8312070657507283,-0.011811654000000001
0.8316977428851738,-0.011811654000000001
0.8321884200196193,-0.012118444
0.8326790971540649,-0.012118446
0.8331697742885104,-0.012578636000000004
0.8336604514229559,-0.012885436
0.8341511285574014,-0.012885438000000004
0.8346418056918469,-0.013038838000000002
0.8351324828262924,-0.012885442000000002
0.8356231599607379,-0.013192242000000002
0.8361138370951834,-0.013038834000000004
0.8366045142296289,-0.013345636
0.8370951913640744,-0.013038838000000002
0.8375858684985199,-0.013038838
0.8380765456329654,-0.013192236000000001
0.8385672227674109,-0.012885436
0.8390578999018564,-0.012732038000000001
0.8395485770363019,-0.012425248000000003
0.8400392541707474,-0.012578650000000002
0.8405299313051929,-0.012118448
0.8410206084396384,-0.011811658000000001
0.841511285574084,-0.011504860000000002
0.8420019627085295,-0.01135146
0.842492639842975,-0.011044658
0.8429833169774205,-0.011044652
0.843473994111866,-0.010737871999999999
0.8439646712463115,-0.01058448
0.844455348380757,-0.010584484000000002
0.8449460255152025,-0.01027767
0.845436702649648,-0.009970872
0.8459273797840935,-0.00981747
0.846418056918539,-0.009664082000000001
0.8469087340529845,-0.009050484000000001
0.84739941118743,-0.008897094
0.8478900883218755,-0.008436903999999999
0.848380765456321,-0.008130106
0.8488714425907665,-0.007976704
0.849362119725212,-0.0072097160000000006
0.8498527968596575,-0.006902915999999999
0.850343473994103,-0.006902900000000001
0.8508341511285485,-0.006749512000000001
0.851324828262994,-0.0064427239999999995
0.8518155053974396,-0.006289306
0.8523061825318851,-0.0062893160000000005
0.8527968596663306,-0.00582913
0.8532875368007761,-0.006135920000000001
0.8537782139352216,-0.0059825220000000005
0.8542688910696671,-0.005675724
0.8547595682041126,-0.005829124
0.8552502453385581,-0.005829114000000001
0.8557409224730036,-0.005675716
0.8562315996074491,-0.005675716
0.8567222767418946,-0.005522316000000001
0.8572129538763401,-0.005522326
0.8577036310107856,-0.005675716
0.8581943081452311,-0.0058291160000000005
0.8586849852796766,-0.0058291160000000005
0.8591756624141221,-0.005675728
0.8596663395485676,-0.005829126
0.8601570166830131,-0.005982526
0.8606476938174586,-0.006135926
0.8611383709519042,-0.006135926
0.8616290480863497,-0.006135926000000001
0.8621197252207952,-0.006135916
0.8626104023552407,-0.0062893260000000005
0.8631010794896862,-0.006596116000000001
0.8635917566241317,-0.0061359280000000006
0.8640824337585772,-0.006749516
0.8645731108930227,-0.006596136
0.8650637880274682,-0.006596136
0.8655544651619137,-0.006749516
0.8660451422963592,-0.006442726
0.8665358194308047,-0.006442726
0.8670264965652502,-0.006442726
0.8675171736996957,-0.0062893260000000005
0.8680078508341412,-0.006596118000000001
0.8684985279685867,-0.0062893260000000005
0.8689892051030322,-0.0061359280000000006
0.8694798822374777,-0.0061359200000000004
0.8699705593719232,-0.005522342000000001
0.8704612365063688,-0.005522342000000001
0.8709519136408143,-0.005215541999999999
0.8714425907752598,-0.005062142
0.8719332679097053,-0.004601954
0.8724239450441508,-0.004295154000000001
0.8729146221785963,-0.004141746
0.8734052993130418,-0.0035281680000000004
0.8738959764474873,-0.00352816
0.8743866535819328,-0.00306797
0.8748773307163783,-0.002454382
0.8753680078508238,-0.0023009919999999995
0.8758586849852693,-0.0019941820000000006
0.8763493621197148,-0.0019941819999999997
0.8768400392541603,-0.0016873860000000004
0.8773307163886058,-0.0015339840000000004
0.8778213935230513,-0.0012271839999999999
0.8783120706574968,-0.0010737860000000002
0.8788027477919423,-0.000613586
0.8792934249263878,-0.00030679799999999946
0.8797841020608334,-0.00015339999999999988
0.8802747791952789,0.0003067980000000005
0.8807654563297244,0.0007669840000000003
0.8812561334641699,0.00107378
0.8817468105986154,0.0015339740000000007
0.8822374877330609,0.0015339800000000005
0.8827281648675064,0.00199417
0.8832188420019519,0.002454358000000001
0.8837095191363974,0.0027611540000000005
0.8842001962708429,0.0030679519999999997
0.8846908734052884,0.0033747499999999993
0.8851815505397339,0.0036815520000000003
0.8856722276741794,0.003834942
0.8861629048086249,0.00444853
0.8866535819430704,0.004601932
0.8871442590775159,0.004908740000000001
0.8876349362119614,0.00506213
0.8881256133464069,0.005215547999999999
0.8886162904808524,0.0058291279999999985
0.889106967615298,0.005522337999999999
0.8895976447497435,0.006135905999999999
0.890088321884189,0.006289306
0.8905789990186345,0.007056304000000001
0.89106967615308,0.007363102000000001
0.8915603532875255,0.007669891999999999
0.892051030421971,0.00782329
0.8925417075564165,0.00797669
0.893032384690862,0.008130098
0.8935230618253075,0.008436877999999998
0.894013738959753,0.008897076
0.8945044160941985,0.009050476
0.894995093228644,0.009510676
0.8954857703630895,0.009050486
0.895976447497535,0.009510676
0.8964671246319805,0.009970874000000001
0.896957801766426,0.009817476
0.8974484789008715,0.009970874000000001
0.897939156035317,0.010124265999999998
0.8984298331697625,0.010277663999999999
0.898920510304208,0.010277664
0.8994111874386536,0.010277664
0.8999018645730991,0.010584444000000002
0.9003925417075446,0.010891244
0.9008832188419901,0.010737844
0.9013738959764356,0.011044654000000001
0.9018645731108811,0.011504843999999998
0.9023552502453266,0.011504843999999998
0.9028459273797721,0.011504853999999998
0.9033366045142176,0.011811644
0.9038272816486631,0.011965046
0.9043179587831086,0.011965044000000001
0.9048086359175541,0.011965054
0.9052993130519996,0.01242524
0.9057899901864451,0.012425238000000002
0.9062806673208906,0.012578636
0.9067713444553361,0.012732034
0.9072620215897816,0.013345627999999998
0.9077526987242271,0.013499026
0.9082433758586727,0.013499023999999998
0.9087340529931182,0.013652425999999999
0.9092247301275637,0.014112603999999997
0.9097154072620092,0.013959204
0.9102060843964547,0.014112604
0.9106967615309002,0.014112616
0.9111874386653457,0.014266013999999999
0.9116781157997912,0.014419414
0.9121687929342367,0.014572796000000002
0.9126594700686822,0.014419416000000001
0.9131501472031277,0.015033003999999999
0.9136408243375732,0.014726196
0.9141315014720187,0.015032994
0.9146221786064642,0.014726206
0.9151128557409097,0.015033003999999999
0.9156035328753552,0.015032996000000002
0.9160942100098007,0.014879596000000004
0.9165848871442462,0.014879606000000004
0.9170755642786917,0.014726206000000002
0.9175662414131373,0.014726208
0.9180569185475828,0.014879596
0.9185475956820283,0.014726208
0.9190382728164738,0.014879597999999999
0.9195289499509193,0.014419407999999998
0.9200196270853648,0.014419407999999998
0.9205103042198103,0.014879588
0.9210009813542558,0.014726208
0.9214916584887013,0.014879607999999999
0.9219823356231468,0.015186408000000002
0.9224730127575923,0.015033008
0.9229636898920378,0.015339798000000002
0.9234543670264833,0.014879607999999999
0.9239450441609288,0.015186407999999998
0.9244357212953743,0.015339797999999998
0.9249263984298198,0.015186417999999998
0.9254170755642653,0.015186407999999998
0.9259077526987108,0.015646598
0.9263984298331563,0.015339808
0.9268891069676019,0.015493207999999994
0.9273797841020474,0.015493207999999994
0.9278704612364929,0.015493208
0.9283611383709384,0.015186407999999998
0.9288518155053839,0.015493198
0.9293424926398294,0.015493198
0.9298331697742749,0.015493198
0.9303238469087204,0.015339798000000002
0.9308145240431659,0.015186398
0.9313052011776114,0.015339798000000002
0.9317958783120569,0.015186400000000003
0.9322865554465024,0.0153398
0.9327772325809479,0.0153398
0.9332679097153934,0.015033000000000001
0.9337585868498389,0.0153398
0.9342492639842844,0.015033000000000001
0.9347399411187299,0.015186398
0.9352306182531754,0.015032998
0.9357212953876209,0.014726198
0.9362119725220664,0.014572806000000002
0.936702649656512,0.014572805999999999
0.9371933267909575,0.014419406000000001
0.937684003925403,0.014266006000000001
0.9381746810598485,0.014266016000000001
0.938665358194294,0.014419393999999999
0.9391560353287395,0.014419393999999999
0.939646712463185,0.014112606000000003
0.9401373895976305,0.013959216000000002
0.940628066732076,0.014266013999999999
0.9411187438665215,0.013805814
0.941609421000967,0.013959214000000001
0.9421000981354125,0.013959214000000001
0.942590775269858,0.013959214000000001
0.9430814524043035,0.014112614
0.943572129538749,0.014419402000000001
0.9440628066731945,0.013959204
0.94455348380764,0.014419401999999998
0.9450441609420855,0.014726199999999998
0.945534838076531,0.014419399999999999
0.9460255152109766,0.014879596
0.9465161923454221,0.015032994
0.9470068694798676,0.014879599999999998
0.9474975466143131,0.015186388
0.9479882237487586,0.015186388000000004
0.9484789008832041,0.015339786000000003
0.9489695780176496,0.015493184000000002
0.9494602551520951,0.015646574000000003
0.9499509322865406,0.015493172000000003
0.9504416094209861,0.015493182
0.9509322865554316,0.01579998
0.9514229636898771,0.015646578
0.9519136408243226,0.015646578
0.9524043179587681,0.015799978
0.9528949950932136,0.01579998
0.9533856722276591,0.01564658
0.9538763493621046,0.015493189999999999
0.9543670264965501,0.01533978
0.9548577036309956,0.01549317
0.9553483807654412,0.01564657
0.9558390578998867,0.01549317
0.9563297350343322,0.015339769999999999
0.9568204121687777,0.015032980000000001
0.9573110893032232,0.015032980000000001
0.9578017664376687,0.01487958
0.9582924435721142,0.015032980000000001
0.9587831207065597,0.015032980000000001
0.9592737978410052,0.01472618
0.9597644749754507,0.01487958
0.9602551521098962,0.014572779999999999
0.9607458292443417,0.01487958
0.9612365063787872,0.014265980000000001
0.9617271835132327,0.014265990000000001
0.9622178606476782,0.014572779999999999
0.9627085377821237,0.014419389999999999
0.9631992149165692,0.014265990000000001
0.9636898920510147,0.01411259
0.9641805691854602,0.01395919
0.9646712463199058,0.014265990000000001
0.9651619234543513,0.014265990000000001
0.9656526005887968,0.01411259
0.9661432777232423,0.014265990000000001
0.9666339548576878,0.01411259
0.9671246319921333,0.014265990000000001
0.9676153091265788,0.01395919
0.9681059862610243,0.01411259
0.9685966633954698,0.0139592
0.9690873405299153,0.014112599999999998
0.9695780176643608,0.0141126
0.9700686947988063,0.01395919
0.9705593719332518,0.01411259
0.9710500490676973,0.014265990000000001
0.9715407262021428,0.014265990000000001
0.9720314033365883,0.01411259
0.9725220804710338,0.014572789999999999
0.9730127576054793,0.014572789999999999
0.9735034347399248,0.014572789999999999
0.9739941118743703,0.014572789999999999
0.9744847890088159,0.014419389999999999
0.9749754661432614,0.014265990000000001
0.9754661432777069,0.01472619
0.9759568204121524,0.014572790000000002
0.9764474975465979,0.014572790000000002
0.9769381746810434,0.014265990000000001
0.9774288518154889,0.014419379999999999
0.9779195289499344,0.014572779999999999
0.9784102060843799,0.014419379999999999
0.9789008832188254,0.014419379999999999
0.9793915603532709,0.014572779999999999
0.9798822374877164,0.014572779999999999
0.9803729146221619,0.014419379999999999
0.9808635917566074,0.014572779999999999
0.9813542688910529,0.01472618
0.9818449460254984,0.01472618
0.9823356231599439,0.014572779999999999
0.9828263002943894,0.01472618
0.983316977428835,0.014572779999999999
0.9838076545632805,0.014572779999999999
0.984298331697726,0.01487958
0.9847890088321715,0.01472618
0.985279685966617,0.01472618
0.9857703631010625,0.014572779999999999
0.986261040235508,0.01472618
0.9867517173699535,0.014572779999999999
0.987242394504399,0.01472618
0.9877330716388445,0.014419389999999999
0.98822374877329,0.01472618
0.9887144259077355,0.014419379999999999
0.989205103042181,0.014572779999999999
0.9896957801766265,0.014419389999999999
0.990186457311072,0.014572779999999999
0.9906771344455175,0.014572779999999999
0.991167811579963,0.014572779999999999
0.9916584887144085,0.014572779999999999
0.992149165848854,0.01472618
0.9926398429832995,0.014572779999999999
0.993130520117745,0.015032980000000001
0.9936211972521906,0.014572779999999999
0.9941118743866361,0.01487958
0.9946025515210816,0.014572779999999999
0.9950932286555271,0.01487958
0.9955839057899726,0.014572779999999999
0.9960745829244181,0.014572779999999999
0.9965652600588636,0.01472618
0.9970559371933091,0.014265980000000001
0.9975466143277546,0.014572779999999999
0.9980372914622001,0.014419389999999999
0.9985279685966456,0.014265990000000001
0.9990186457310911,0.014265990000000001
0.9995093228655366,0.01411259
