time,position
0,-1.89753
0.0004389815627743635,-1.89753
0.000877963125548727,-1.89753
0.0013169446883230904,-1.89753
0.001755926251097454,-1.89753
0.0021949078138718174,-1.89753
0.0026338893766461808,-1.89753
0.003072870939420544,-1.89753
0.0035118525021949074,-1.89753
0.003950834064969271,-1.89753
0.004389815627743634,-1.89753
0.004828797190517997,-1.89753
0.005267778753292361,-1.89753
0.005706760316066724,-1.89753
0.006145741878841087,-1.89753
0.006584723441615451,-1.89753
0.007023705004389814,-1.89753
0.007462686567164177,-1.89753
0.007901668129938541,-1.89753
0.008340649692712905,-1.89753
0.008779631255487268,-1.89753
0.009218612818261631,-1.89753
0.009657594381035995,-1.89753
0.010096575943810358,-1.89753
0.010535557506584721,-1.89753
0.010974539069359085,-1.89753
0.011413520632133448,-1.89753
0.011852502194907811,-1.89753
0.012291483757682175,-1.89753
0.012730465320456538,-1.89753
0.013169446883230901,-1.89753
0.013608428446005265,-1.89753
0.014047410008779628,-1.89753
0.014486391571553991,-1.89753
0.014925373134328354,-1.89753
0.015364354697102718,-1.89753
0.015803336259877083,-1.89753
0.016242317822651446,-1.89753
0.01668129938542581,-1.89753
0.017120280948200173,-1.89753
0.017559262510974536,-1.89753
0.0179982440737489,-1.89753
0.018437225636523263,-1.89753
0.018876207199297626,-1.89753
0.01931518876207199,-1.89907
0.019754170324846353,-1.89753
0.020193151887620716,-1.89753
0.02063213345039508,-1.89753
0.021071115013169443,-1.89753
0.021510096575943806,-1.89753
0.02194907813871817,-1.89753
0.022388059701492533,-1.89753
0.022827041264266896,-1.89753
0.02326602282704126,-1.89753
0.023705004389815622,-1.89753
0.024143985952589986,-1.89753
0.02458296751536435,-1.89753
0.025021949078138712,-1.89753
0.025460930640913076,-1.89753
0.02589991220368744,-1.89753
0.026338893766461802,-1.89753
0.026777875329236166,-1.89753
0.02721685689201053,-1.89753
0.027655838454784892,-1.89753
0.028094820017559256,-1.89753
0.02853380158033362,-1.89753
0.028972783143107982,-1.89753
0.029411764705882346,-1.89753
0.02985074626865671,-1.89753
0.030289727831431072,-1.89753
0.030728709394205436,-1.89753
0.0311676909569798,-1.89753
0.031606672519754166,-1.89753
0.03204565408252853,-1.89753
0.0324846356453029,-1.89753
0.032923617208077266,-1.89753
0.03336259877085163,-1.89753
0.033801580333626,-1.89753
0.034240561896400366,-1.89753
0.03467954345917473,-1.89753
0.0351185250219491,-1.89753
0.03555750658472347,-1.89753
0.035996488147497833,-1.89753
0.0364354697102722,-1.89753
0.03687445127304657,-1.89753
0.037313432835820934,-1.89753
0.0377524143985953,-1.89753
0.03819139596136967,-1.89753
0.038630377524144034,-1.89753
0.0390693590869184,-1.89753
0.03950834064969277,-1.89753
0.039947322212467135,-1.89753
0.0403863037752415,-1.89753
0.04082528533801587,-1.89753
0.041264266900790235,-1.89753
0.0417032484635646,-1.89753
0.04214223002633897,-1.89753
0.042581211589113335,-1.89753
0.0430201931518877,-1.89753
0.04345917471466207,-1.89753
0.043898156277436436,-1.89753
0.0443371378402108,-1.89753
0.04477611940298517,-1.89753
0.045215100965759536,-1.89753
0.0456540825285339,-1.89753
0.04609306409130827,-1.89753
0.046532045654082636,-1.89753
0.046971027216857,-1.89753
0.04741000877963137,-1.89753
0.04784899034240574,-1.89753
0.0482879719051801,-1.89753
0.04872695346795447,-1.89753
0.04916593503072884,-1.89753
0.049604916593503204,-1.89753
0.05004389815627757,-1.89753
0.05048287971905194,-1.89753
0.050921861281826304,-1.89753
0.05136084284460067,-1.89753
0.05179982440737504,-1.89753
0.052238805970149405,-1.89753
0.05267778753292377,-1.89753
0.05311676909569814,-1.89753
0.053555750658472505,-1.89753
0.05399473222124687,-1.89753
0.05443371378402124,-1.89753
0.054872695346795605,-1.89753
0.05531167690956997,-1.89753
0.05575065847234434,-1.89753
0.056189640035118706,-1.89753
0.05662862159789307,-1.89753
0.05706760316066744,-1.89753
0.057506584723441806,-1.89753
0.05794556628621617,-1.89753
0.05838454784899054,-1.89753
0.058823529411764906,-1.89753
0.05926251097453927,-1.89753
0.05970149253731364,-1.89753
0.06014047410008801,-1.89753
0.06057945566286237,-1.89753
0.06101843722563674,-1.89753
0.06145741878841111,-1.89753
0.061896400351185474,-1.89753
0.06233538191395984,-1.89753
0.06277436347673421,-1.89753
0.06321334503950857,-1.89753
0.06365232660228293,-1.89753
0.06409130816505729,-1.89753
0.06453028972783165,-1.89753
0.064969271290606,-1.89753
0.06540825285338037,-1.89753
0.06584723441615473,-1.89753
0.06628621597892909,-1.89753
0.06672519754170345,-1.89753
0.0671641791044778,-1.89753
0.06760316066725217,-1.89753
0.06804214223002653,-1.89753
0.06848112379280089,-1.89753
0.06892010535557525,-1.89753
0.0693590869183496,-1.89753
0.06979806848112396,-1.89753
0.07023705004389832,-1.89753
0.07067603160667268,-1.89753
0.07111501316944704,-1.89753
0.0715539947322214,-1.89753
0.07199297629499576,-1.89753
0.07243195785777012,-1.89753
0.07287093942054448,-1.89753
0.07330992098331884,-1.89753
0.0737489025460932,-1.89753
0.07418788410886756,-1.89753
0.07462686567164192,-1.896
0.07506584723441628,-1.896
0.07550482879719064,-1.896
0.075943810359965,-1.896
0.07638279192273936,-1.89447
0.07682177348551372,-1.89447
0.07726075504828808,-1.89447
0.07769973661106244,-1.89293
0.0781387181738368,-1.8914
0.07857769973661116,-1.88986
0.07901668129938552,-1.88833
0.07945566286215988,-1.88526
0.07989464442493424,-1.88219
0.0803336259877086,-1.88066
0.08077260755048296,-1.87759
0.08121158911325732,-1.87299
0.08165057067603168,-1.86992
0.08208955223880604,-1.86532
0.0825285338015804,-1.86072
0.08296751536435476,-1.85612
0.08340649692712912,-1.85151
0.08384547848990348,-1.84538
0.08428446005267784,-1.83924
0.0847234416154522,-1.83464
0.08516242317822656,-1.82851
0.08560140474100092,-1.82237
0.08604038630377528,-1.81623
0.08647936786654964,-1.80856
0.086918349429324,-1.80243
0.08735733099209836,-1.79476
0.08779631255487272,-1.78862
0.08823529411764708,-1.78095
0.08867427568042144,-1.77328
0.0891132572431958,-1.76408
0.08955223880597016,-1.75641
0.08999122036874452,-1.74874
0.09043020193151888,-1.73953
0.09086918349429324,-1.73033
0.0913081650570676,-1.72266
0.09174714661984196,-1.71346
0.09218612818261632,-1.70425
0.09262510974539068,-1.69505
0.09306409130816504,-1.68584
0.0935030728709394,-1.67664
0.09394205443371376,-1.6659
0.09438103599648812,-1.6567
0.09482001755926248,-1.6475
0.09525899912203684,-1.63676
0.0956979806848112,-1.62755
0.09613696224758556,-1.61835
0.09657594381035992,-1.60915
0.09701492537313428,-1.59687
0.09745390693590864,-1.58614
0.097892888498683,-1.57693
0.09833187006145735,-1.56466
0.09877085162423171,-1.55392
0.09920983318700607,-1.54472
0.09964881474978043,-1.53245
0.1000877963125548,-1.52171
0.10052677787532915,-1.51251
0.10096575943810351,-1.50177
0.10140474100087787,-1.49103
0.10184372256365223,-1.48029
0.1022827041264266,-1.46802
0.10272168568920095,-1.45728
0.10316066725197531,-1.44654
0.10359964881474967,-1.43581
0.10403863037752403,-1.42353
0.10447761194029839,-1.4128
0.10491659350307275,-1.40052
0.10535557506584711,-1.38979
0.10579455662862147,-1.37905
0.10623353819139583,-1.36831
0.10667251975417019,-1.35757
0.10711150131694455,-1.34684
0.10755048287971891,-1.3361
0.10798946444249327,-1.32536
0.10842844600526763,-1.31769
0.10886742756804199,-1.30695
0.10930640913081635,-1.29775
0.10974539069359071,-1.28701
0.11018437225636507,-1.27781
0.11062335381913943,-1.26707
0.11106233538191379,-1.25786
0.11150131694468815,-1.24866
0.11194029850746251,-1.23946
0.11237928007023687,-1.23025
0.11281826163301123,-1.22258
0.11325724319578559,-1.21338
0.11369622475855995,-1.20417
0.11413520632133431,-1.19497
0.11457418788410867,-1.18577
0.11501316944688303,-1.1781
0.11545215100965739,-1.17043
0.11589113257243175,-1.16122
0.11633011413520611,-1.15355
0.11676909569798047,-1.14588
0.11720807726075483,-1.13821
0.11764705882352919,-1.13054
0.11808604038630355,-1.12594
0.11852502194907791,-1.11827
0.11896400351185227,-1.1106
0.11940298507462663,-1.10293
0.11984196663740099,-1.0968
0.12028094820017535,-1.08759
0.12071992976294971,-1.08146
0.12115891132572407,-1.07379
0.12159789288849843,-1.06612
0.12203687445127279,-1.05845
0.12247585601404715,-1.05078
0.1229148375768215,-1.04311
0.12335381913959587,-1.03544
0.12379280070237023,-1.02777
0.12423178226514459,-1.0201
0.12467076382791895,-1.01243
0.1251097453906933,-1.00476
0.12554872695346767,-0.997088
0.12598770851624203,-0.987884
0.12642669007901639,-0.980214
0.12686567164179074,-0.974078
0.1273046532045651,-0.964874
0.12774363476733946,-0.957204
0.12818261633011382,-0.949534
0.12862159789288818,-0.94033
0.12906057945566254,-0.93266
0.1294995610184369,-0.92499
0.12993854258121126,-0.917321
0.13037752414398562,-0.908117
0.13081650570675998,-0.900447
0.13125548726953434,-0.891243
0.1316944688323087,-0.880505
0.13213345039508306,-0.871301
0.13257243195785742,-0.862097
0.13301141352063178,-0.852893
0.13345039508340614,-0.843689
0.1338893766461805,-0.831418
0.13432835820895486,-0.823748
0.13476733977172922,-0.81301
0.13520632133450358,-0.803806
0.13564530289727794,-0.793068
0.1360842844600523,-0.785398
0.13652326602282666,-0.77466
0.13696224758560102,-0.765456
0.13740122914837538,-0.754719
0.13784021071114974,-0.745515
0.1382791922739241,-0.736311
0.13871817383669846,-0.727107
0.13915715539947282,-0.716369
0.13959613696224718,-0.707165
0.14003511852502154,-0.697961
0.1404741000877959,-0.688757
0.14091308165057026,-0.679554
0.14135206321334462,-0.67035
0.14179104477611898,-0.661146
0.14223002633889334,-0.651942
0.1426690079016677,-0.641204
0.14310798946444206,-0.633534
0.14354697102721642,-0.622796
0.14398595258999078,-0.615126
0.14442493415276514,-0.605922
0.1448639157155395,-0.596719
0.14530289727831386,-0.587515
0.14574187884108822,-0.578311
0.14618086040386258,-0.569107
0.14661984196663694,-0.559903
0.1470588235294113,-0.552233
0.14749780509218566,-0.543029
0.14793678665496002,-0.533825
0.14837576821773438,-0.524621
0.14881474978050874,-0.515418
0.1492537313432831,-0.507748
0.14969271290605746,-0.498544
0.15013169446883182,-0.48934
0.15057067603160618,-0.48167
0.15100965759438054,-0.472466
0.1514486391571549,-0.463262
0.15188762071992926,-0.455592
0.15232660228270362,-0.447922
0.15276558384547798,-0.438719
0.15320456540825234,-0.431049
0.1536435469710267,-0.421845
0.15408252853380106,-0.414175
0.15452151009657542,-0.404971
0.15496049165934977,-0.397301
0.15539947322212413,-0.388097
0.1558384547848985,-0.380427
0.15627743634767285,-0.369689
0.15671641791044721,-0.362019
0.15715539947322157,-0.352816
0.15759438103599593,-0.342078
0.1580333625987703,-0.332874
0.15847234416154465,-0.32367
0.158911325724319,-0.312932
0.15935030728709337,-0.303728
0.15978928884986773,-0.294524
0.1602282704126421,-0.28532
0.16066725197541645,-0.276117
0.1611062335381908,-0.266913
0.16154521510096517,-0.257709
0.16198419666373953,-0.248505
0.1624231782265139,-0.240835
0.16286215978928825,-0.230097
0.1633011413520626,-0.222427
0.16374012291483697,-0.213223
0.16417910447761133,-0.204019
0.1646180860403857,-0.19635
0.16505706760316005,-0.18868
0.1654960491659344,-0.179476
0.16593503072870877,-0.171806
0.16637401229148313,-0.164136
0.1668129938542575,-0.156466
0.16725197541703185,-0.148796
0.1676909569798062,-0.141126
0.16812993854258057,-0.133456
0.16856892010535493,-0.125786
0.1690079016681293,-0.119651
0.16944688323090365,-0.113515
0.169885864793678,-0.105845
0.17032484635645237,-0.0997088
0.17076382791922673,-0.0920388
0.1712028094820011,-0.0859029
0.17164179104477545,-0.079767
0.1720807726075498,-0.0736311
0.17251975417032417,-0.0674952
0.17295873573309853,-0.0613592
0.1733977172958729,-0.0536893
0.17383669885864725,-0.0490874
0.1742756804214216,-0.0429515
0.17471466198419597,-0.0368155
0.17515364354697033,-0.0306796
0.1755926251097447,-0.0245437
0.17603160667251905,-0.0199418
0.1764705882352934,-0.0138058
0.17690956979806777,-0.0076699
0.17734855136084213,-0.00306796
0.1777875329236165,0.00153398
0.17822651448639085,0.0076699
0.1786654960491652,0.0122718
0.17910447761193957,0.0168738
0.17954345917471393,0.0214757
0.1799824407374883,0.0260777
0.18042142230026265,0.0306796
0.180860403863037,0.0352816
0.18129938542581137,0.0398835
0.18173836698858573,0.0429515
0.18217734855136009,0.0475534
0.18261633011413445,0.0521553
0.1830553116769088,0.0567573
0.18349429323968316,0.0598253
0.18393327480245752,0.0644272
0.18437225636523188,0.0690291
0.18481123792800624,0.0736311
0.1852502194907806,0.076699
0.18568920105355496,0.081301
0.18612818261632932,0.0859029
0.18656716417910368,0.0905049
0.18700614574187804,0.0935728
0.1874451273046524,0.0981748
0.18788410886742676,0.102777
0.18832309043020112,0.107379
0.18876207199297548,0.110447
0.18920105355574984,0.115049
0.1896400351185242,0.119651
0.19007901668129856,0.122718
0.19051799824407292,0.125786
0.19095697980684728,0.130388
0.19139596136962164,0.131922
0.191834942932396,0.133456
0.19227392449517036,0.136524
0.19271290605794472,0.139592
0.19315188762071908,0.141126
0.19359086918349344,0.14266
0.1940298507462678,0.144194
0.19446883230904216,0.145728
0.19490781387181652,0.148796
0.19534679543459088,0.15033
0.19578577699736524,0.151864
0.1962247585601396,0.154932
0.19666374012291396,0.154932
0.19710272168568832,0.158
0.19754170324846268,0.158
0.19798068481123704,0.159534
0.1984196663740114,0.159534
0.19885864793678576,0.161068
0.19929762949956012,0.162602
0.19973661106233448,0.164136
0.20017559262510884,0.16567
0.2006145741878832,0.16567
0.20105355575065756,0.16567
0.20149253731343192,0.167204
0.20193151887620628,0.167204
0.20237050043898064,0.168738
0.202809482001755,0.170272
0.20324846356452936,0.171806
0.20368744512730372,0.171806
0.20412642669007808,0.17334
0.20456540825285244,0.174874
0.2050043898156268,0.176408
0.20544337137840116,0.176408
0.20588235294117552,0.176408
0.20632133450394988,0.177942
0.20676031606672424,0.179476
0.2071992976294986,0.18101
0.20763827919227296,0.182544
0.20807726075504732,0.182544
0.20851624231782168,0.182544
0.20895522388059604,0.184078
0.2093942054433704,0.184078
0.20983318700614476,0.185612
0.21027216856891912,0.185612
0.21071115013169348,0.187146
0.21115013169446784,0.187146
0.2115891132572422,0.187146
0.21202809482001655,0.187146
0.21246707638279091,0.185612
0.21290605794556527,0.187146
0.21334503950833963,0.187146
0.213784021071114,0.187146
0.21422300263388835,0.185612
0.21466198419666271,0.187146
0.21510096575943707,0.187146
0.21553994732221143,0.185612
0.2159789288849858,0.185612
0.21641791044776015,0.185612
0.2168568920105345,0.185612
0.21729587357330887,0.185612
0.21773485513608323,0.185612
0.2181738366988576,0.184078
0.21861281826163195,0.184078
0.2190517998244063,0.184078
0.21949078138718067,0.184078
0.21992976294995503,0.182544
0.2203687445127294,0.182544
0.22080772607550375,0.182544
0.2212467076382781,0.18101
0.22168568920105247,0.182544
0.22212467076382683,0.18101
0.2225636523266012,0.179476
0.22300263388937555,0.179476
0.2234416154521499,0.179476
0.22388059701492427,0.177942
0.22431957857769863,0.176408
0.224758560140473,0.176408
0.22519754170324735,0.174874
0.2256365232660217,0.174874
0.22607550482879607,0.17334
0.22651448639157043,0.171806
0.2269534679543448,0.171806
0.22739244951711915,0.170272
0.2278314310798935,0.168738
0.22827041264266787,0.168738
0.22870939420544223,0.168738
0.2291483757682166,0.167204
0.22958735733099095,0.16567
0.2300263388937653,0.16567
0.23046532045653967,0.164136
0.23090430201931403,0.162602
0.2313432835820884,0.162602
0.23178226514486275,0.161068
0.2322212467076371,0.159534
0.23266022827041147,0.159534
0.23309920983318583,0.158
0.2335381913959602,0.156466
0.23397717295873455,0.156466
0.2344161545215089,0.154932
0.23485513608428327,0.154932
0.23529411764705763,0.153398
0.235733099209832,0.151864
0.23617208077260635,0.15033
0.2366110623353807,0.15033
0.23705004389815507,0.148796
0.23748902546092943,0.145728
0.23792800702370379,0.144194
0.23836698858647815,0.144194
0.2388059701492525,0.14266
0.23924495171202687,0.141126
0.23968393327480123,0.141126
0.24012291483757559,0.139592
0.24056189640034994,0.138058
0.2410008779631243,0.138058
0.24143985952589866,0.136524
0.24187884108867302,0.13499
0.24231782265144738,0.133456
0.24275680421422174,0.133456
0.2431957857769961,0.131922
0.24363476733977046,0.131922
0.24407374890254482,0.130388
0.24451273046531918,0.128854
0.24495171202809354,0.128854
0.2453906935908679,0.12732
0.24582967515364226,0.125786
0.24626865671641662,0.125786
0.24670763827919098,0.124252
0.24714661984196534,0.122718
0.2475856014047397,0.121184
0.24802458296751406,0.121184
0.24846356453028842,0.119651
0.24890254609306278,0.118117
0.24934152765583714,0.116583
0.2497805092186115,0.115049
0.2502194907813859,0.113515
0.2506584723441603,0.111981
0.25109745390693466,0.110447
0.25153643546970905,0.110447
0.25197541703248344,0.108913
0.2524143985952578,0.105845
0.2528533801580322,0.105845
0.2532923617208066,0.104311
0.253731343283581,0.102777
0.2541703248463554,0.0997088
0.25460930640912977,0.0981748
0.25504828797190415,0.0981748
0.25548726953467854,0.0951068
0.25592625109745293,0.0935728
0.2563652326602273,0.0920388
0.2568042142230017,0.0905049
0.2572431957857761,0.0889709
0.2576821773485505,0.0874369
0.25812115891132487,0.0859029
0.25856014047409925,0.0843689
0.25899912203687364,0.082835
0.25943810359964803,0.081301
0.2598770851624224,0.079767
0.2603160667251968,0.076699
0.2607550482879712,0.0751651
0.2611940298507456,0.0736311
0.26163301141351997,0.0720971
0.26207199297629435,0.0705631
0.26251097453906874,0.0690291
0.26294995610184313,0.0674952
0.2633889376646175,0.0659612
0.2638279192273919,0.0644272
0.2642669007901663,0.0628932
0.2647058823529407,0.0613592
0.26514486391571507,0.0598253
0.26558384547848946,0.0582913
0.26602282704126384,0.0567573
0.26646180860403823,0.0567573
0.2669007901668126,0.0552233
0.267339771729587,0.0552233
0.2677787532923614,0.0536893
0.2682177348551358,0.0506214
0.26865671641791017,0.0506214
0.26909569798068456,0.0490874
0.26953467954345894,0.0475534
0.26997366110623333,0.0460194
0.2704126426690077,0.0444854
0.2708516242317821,0.0444854
0.2712906057945565,0.0429515
0.2717295873573309,0.0414175
0.27216856892010527,0.0398835
0.27260755048287966,0.0383495
0.27304653204565404,0.0368155
0.27348551360842843,0.0352816
0.2739244951712028,0.0337476
0.2743634767339772,0.0337476
0.2748024582967516,0.0322136
0.275241439859526,0.0306796
0.27568042142230037,0.0291456
0.27611940298507476,0.0276117
0.27655838454784915,0.0260777
0.27699736611062353,0.0245437
0.2774363476733979,0.0230097
0.2778753292361723,0.0214757
0.2783143107989467,0.0199418
0.2787532923617211,0.0184078
0.27919227392449547,0.0153398
0.27963125548726986,0.0153398
0.28007023705004425,0.0122718
0.28050921861281863,0.0122718
0.280948200175593,0.0107379
0.2813871817383674,0.0076699
0.2818261633011418,0.00613592
0.2822651448639162,0.00613592
0.28270412642669057,0.00306796
0.28314310798946496,0.00306796
0.28358208955223935,0.00153398
0.28402107111501373,-0.00153398
0.2844600526777881,-0.00153398
0.2848990342405625,-0.00460194
0.2853380158033369,-0.00613592
0.2857769973661113,-0.0076699
0.2862159789288857,-0.00920388
0.28665496049166006,-0.0107379
0.28709394205443445,-0.0122718
0.28753292361720884,-0.0138058
0.2879719051799832,-0.0153398
0.2884108867427576,-0.0168738
0.288849868305532,-0.0199418
0.2892888498683064,-0.0199418
0.2897278314310808,-0.0214757
0.29016681299385516,-0.0230097
0.29060579455662955,-0.0245437
0.29104477611940394,-0.0260777
0.2914837576821783,-0.0276117
0.2919227392449527,-0.0276117
0.2923617208077271,-0.0291456
0.2928007023705015,-0.0306796
0.2932396839332759,-0.0306796
0.29367866549605026,-0.0306796
0.29411764705882465,-0.0322136
0.29455662862159904,-0.0322136
0.2949956101843734,-0.0337476
0.2954345917471478,-0.0337476
0.2958735733099222,-0.0337476
0.2963125548726966,-0.0352816
0.296751536435471,-0.0352816
0.29719051799824536,-0.0352816
0.29762949956101975,-0.0368155
0.29806848112379414,-0.0368155
0.2985074626865685,-0.0368155
0.2989464442493429,-0.0368155
0.2993854258121173,-0.0383495
0.2998244073748917,-0.0383495
0.3002633889376661,-0.0383495
0.30070237050044046,-0.0383495
0.30114135206321485,-0.0383495
0.30158033362598924,-0.0368155
0.3020193151887636,-0.0383495
0.302458296751538,-0.0368155
0.3028972783143124,-0.0368155
0.3033362598770868,-0.0383495
0.3037752414398612,-0.0368155
0.30421422300263556,-0.0383495
0.30465320456540995,-0.0383495
0.30509218612818434,-0.0368155
0.3055311676909587,-0.0383495
0.3059701492537331,-0.0368155
0.3064091308165075,-0.0368155
0.3068481123792819,-0.0383495
0.3072870939420563,-0.0383495
0.30772607550483067,-0.0383495
0.30816505706760505,-0.0383495
0.30860403863037944,-0.0383495
0.30904302019315383,-0.0383495
0.3094820017559282,-0.0383495
0.3099209833187026,-0.0383495
0.310359964881477,-0.0383495
0.3107989464442514,-0.0383495
0.31123792800702577,-0.0383495
0.31167690956980015,-0.0383495
0.31211589113257454,-0.0383495
0.31255487269534893,-0.0398835
0.3129938542581233,-0.0383495
0.3134328358208977,-0.0383495
0.3138718173836721,-0.0398835
0.3143107989464465,-0.0383495
0.31474978050922087,-0.0398835
0.31518876207199525,-0.0398835
0.31562774363476964,-0.0398835
0.31606672519754403,-0.0398835
0.3165057067603184,-0.0414175
0.3169446883230928,-0.0414175
0.3173836698858672,-0.0414175
0.3178226514486416,-0.0414175
0.31826163301141597,-0.0429515
0.31870061457419036,-0.0429515
0.31913959613696474,-0.0429515
0.31957857769973913,-0.0429515
0.3200175592625135,-0.0429515
0.3204565408252879,-0.0429515
0.3208955223880623,-0.0429515
0.3213345039508367,-0.0444854
0.32177348551361107,-0.0444854
0.32221246707638546,-0.0444854
0.32265144863915984,-0.0444854
0.32309043020193423,-0.0444854
0.3235294117647086,-0.0444854
0.323968393327483,-0.0444854
0.3244073748902574,-0.0444854
0.3248463564530318,-0.0444854
0.32528533801580617,-0.0444854
0.32572431957858056,-0.0444854
0.32616330114135494,-0.0444854
0.32660228270412933,-0.0444854
0.3270412642669037,-0.0444854
0.3274802458296781,-0.0444854
0.3279192273924525,-0.0444854
0.3283582089552269,-0.0444854
0.32879719051800127,-0.0444854
0.32923617208077566,-0.0444854
0.32967515364355005,-0.0444854
0.33011413520632443,-0.0429515
0.3305531167690988,-0.0444854
0.3309920983318732,-0.0444854
0.3314310798946476,-0.0444854
0.331870061457422,-0.0444854
0.33230904302019637,-0.0444854
0.33274802458297076,-0.0444854
0.33318700614574515,-0.0444854
0.33362598770851953,-0.0429515
0.3340649692712939,-0.0444854
0.3345039508340683,-0.0444854
0.3349429323968427,-0.0444854
0.3353819139596171,-0.0429515
0.33582089552239147,-0.0444854
0.33625987708516586,-0.0444854
0.33669885864794025,-0.0444854
0.33713784021071463,-0.0444854
0.337576821773489,-0.0444854
0.3380158033362634,-0.0444854
0.3384547848990378,-0.0444854
0.3388937664618122,-0.0460194
0.3393327480245866,-0.0460194
0.33977172958736096,-0.0460194
0.34021071115013535,-0.0475534
0.34064969271290974,-0.0475534
0.3410886742756841,-0.0475534
0.3415276558384585,-0.0475534
0.3419666374012329,-0.0475534
0.3424056189640073,-0.0475534
0.3428446005267817,-0.0490874
0.34328358208955606,-0.0490874
0.34372256365233045,-0.0506214
0.34416154521510484,-0.0506214
0.3446005267778792,-0.0506214
0.3450395083406536,-0.0521553
0.345478489903428,-0.0521553
0.3459174714662024,-0.0521553
0.3463564530289768,-0.0521553
0.34679543459175116,-0.0536893
0.34723441615452555,-0.0536893
0.34767339771729994,-0.0536893
0.3481123792800743,-0.0536893
0.3485513608428487,-0.0536893
0.3489903424056231,-0.0536893
0.3494293239683975,-0.0536893
0.3498683055311719,-0.0536893
0.35030728709394626,-0.0536893
0.35074626865672065,-0.0536893
0.35118525021949504,-0.0536893
0.3516242317822694,-0.0536893
0.3520632133450438,-0.0536893
0.3525021949078182,-0.0536893
0.3529411764705926,-0.0552233
0.353380158033367,-0.0552233
0.35381913959614136,-0.0552233
0.35425812115891575,-0.0552233
0.35469710272169014,-0.0552233
0.3551360842844645,-0.0552233
0.3555750658472389,-0.0567573
0.3560140474100133,-0.0567573
0.3564530289727877,-0.0567573
0.3568920105355621,-0.0552233
0.35733099209833646,-0.0567573
0.35776997366111085,-0.0567573
0.35820895522388524,-0.0567573
0.3586479367866596,-0.0567573
0.359086918349434,-0.0567573
0.3595258999122084,-0.0582913
0.3599648814749828,-0.0582913
0.3604038630377572,-0.0567573
0.36084284460053156,-0.0582913
0.36128182616330595,-0.0567573
0.36172080772608034,-0.0582913
0.3621597892888547,-0.0567573
0.3625987708516291,-0.0582913
0.3630377524144035,-0.0582913
0.3634767339771779,-0.0582913
0.3639157155399523,-0.0582913
0.36435469710272667,-0.0582913
0.36479367866550105,-0.0582913
0.36523266022827544,-0.0582913
0.36567164179104983,-0.0582913
0.3661106233538242,-0.0567573
0.3665496049165986,-0.0582913
0.366988586479373,-0.0582913
0.3674275680421474,-0.0582913
0.36786654960492177,-0.0582913
0.36830553116769615,-0.0582913
0.36874451273047054,-0.0582913
0.36918349429324493,-0.0582913
0.3696224758560193,-0.0582913
0.3700614574187937,-0.0582913
0.3705004389815681,-0.0582913
0.3709394205443425,-0.0582913
0.37137840210711687,-0.0582913
0.37181738366989125,-0.0582913
0.37225636523266564,-0.0598253
0.37269534679544003,-0.0598253
0.3731343283582144,-0.0598253
0.3735733099209888,-0.0598253
0.3740122914837632,-0.0598253
0.3744512730465376,-0.0598253
0.37489025460931197,-0.0598253
0.37532923617208636,-0.0598253
0.37576821773486074,-0.0598253
0.37620719929763513,-0.0598253
0.3766461808604095,-0.0613592
0.3770851624231839,-0.0613592
0.3775241439859583,-0.0613592
0.3779631255487327,-0.0613592
0.37840210711150707,-0.0613592
0.37884108867428146,-0.0613592
0.37928007023705584,-0.0613592
0.37971905179983023,-0.0613592
0.3801580333626046,-0.0613592
0.380597014925379,-0.0628932
0.3810359964881534,-0.0628932
0.3814749780509278,-0.0628932
0.38191395961370217,-0.0628932
0.38235294117647656,-0.0628932
0.38279192273925094,-0.0628932
0.38323090430202533,-0.0613592
0.3836698858647997,-0.0628932
0.3841088674275741,-0.0628932
0.3845478489903485,-0.0628932
0.3849868305531229,-0.0628932
0.38542581211589727,-0.0628932
0.38586479367867166,-0.0628932
0.38630377524144605,-0.0628932
0.38674275680422043,-0.0628932
0.3871817383669948,-0.0628932
0.3876207199297692,-0.0628932
0.3880597014925436,-0.0628932
0.388498683055318,-0.0628932
0.38893766461809237,-0.0613592
0.38937664618086676,-0.0628932
0.38981562774364115,-0.0628932
0.39025460930641553,-0.0628932
0.3906935908691899,-0.0628932
0.3911325724319643,-0.0628932
0.3915715539947387,-0.0628932
0.3920105355575131,-0.0628932
0.39244951712028747,-0.0628932
0.39288849868306186,-0.0628932
0.39332748024583625,-0.0628932
0.39376646180861063,-0.0628932
0.394205443371385,-0.0628932
0.3946444249341594,-0.0628932
0.3950834064969338,-0.0628932
0.3955223880597082,-0.0628932
0.3959613696224826,-0.0628932
0.39640035118525696,-0.0628932
0.39683933274803135,-0.0628932
0.39727831431080574,-0.0628932
0.3977172958735801,-0.0613592
0.3981562774363545,-0.0628932
0.3985952589991289,-0.0628932
0.3990342405619033,-0.0628932
0.3994732221246777,-0.0628932
0.39991220368745206,-0.0628932
0.40035118525022645,-0.0628932
0.40079016681300084,-0.0628932
0.4012291483757752,-0.0628932
0.4016681299385496,-0.0613592
0.402107111501324,-0.0628932
0.4025460930640984,-0.0628932
0.4029850746268728,-0.0628932
0.40342405618964716,-0.0628932
0.40386303775242155,-0.0628932
0.40430201931519594,-0.0628932
0.4047410008779703,-0.0628932
0.4051799824407447,-0.0628932
0.4056189640035191,-0.0628932
0.4060579455662935,-0.0613592
0.4064969271290679,-0.0628932
0.40693590869184226,-0.0628932
0.40737489025461665,-0.0613592
0.40781387181739104,-0.0628932
0.4082528533801654,-0.0628932
0.4086918349429398,-0.0628932
0.4091308165057142,-0.0628932
0.4095697980684886,-0.0628932
0.410008779631263,-0.0628932
0.41044776119403736,-0.0628932
0.41088674275681175,-0.0628932
0.41132572431958614,-0.0628932
0.4117647058823605,-0.0628932
0.4122036874451349,-0.0628932
0.4126426690079093,-0.0628932
0.4130816505706837,-0.0628932
0.4135206321334581,-0.0628932
0.41395961369623246,-0.0628932
0.41439859525900685,-0.0613592
0.41483757682178124,-0.0613592
0.4152765583845556,-0.0613592
0.41571553994733,-0.0613592
0.4161545215101044,-0.0613592
0.4165935030728788,-0.0613592
0.4170324846356532,-0.0613592
0.41747146619842757,-0.0598253
0.41791044776120195,-0.0613592
0.41834942932397634,-0.0598253
0.41878841088675073,-0.0598253
0.4192273924495251,-0.0598253
0.4196663740122995,-0.0598253
0.4201053555750739,-0.0598253
0.4205443371378483,-0.0598253
0.42098331870062267,-0.0582913
0.42142230026339705,-0.0582913
0.42186128182617144,-0.0598253
0.42230026338894583,-0.0582913
0.4227392449517202,-0.0582913
0.4231782265144946,-0.0582913
0.423617208077269,-0.0582913
0.4240561896400434,-0.0582913
0.42449517120281777,-0.0582913
0.42493415276559215,-0.0567573
0.42537313432836654,-0.0582913
0.42581211589114093,-0.0582913
0.4262510974539153,-0.0567573
0.4266900790166897,-0.0567573
0.4271290605794641,-0.0567573
0.4275680421422385,-0.0582913
0.42800702370501287,-0.0567573
0.42844600526778726,-0.0567573
0.42888498683056164,-0.0567573
0.42932396839333603,-0.0567573
0.4297629499561104,-0.0567573
0.4302019315188848,-0.0567573
0.4306409130816592,-0.0567573
0.4310798946444336,-0.0567573
0.43151887620720797,-0.0567573
0.43195785776998236,-0.0567573
0.43239683933275674,-0.0567573
0.43283582089553113,-0.0567573
0.4332748024583055,-0.0552233
0.4337137840210799,-0.0567573
0.4341527655838543,-0.0567573
0.4345917471466287,-0.0567573
0.43503072870940307,-0.0552233
0.43546971027217746,-0.0552233
0.43590869183495184,-0.0552233
0.43634767339772623,-0.0552233
0.4367866549605006,-0.0552233
0.437225636523275,-0.0552233
0.4376646180860494,-0.0552233
0.4381035996488238,-0.0552233
0.43854258121159817,-0.0552233
0.43898156277437256,-0.0536893
0.43942054433714695,-0.0552233
0.43985952589992133,-0.0552233
0.4402985074626957,-0.0552233
0.4407374890254701,-0.0536893
0.4411764705882445,-0.0552233
0.4416154521510189,-0.0536893
0.44205443371379327,-0.0536893
0.44249341527656766,-0.0536893
0.44293239683934205,-0.0536893
0.44337137840211643,-0.0536893
0.4438103599648908,-0.0536893
0.4442493415276652,-0.0536893
0.4446883230904396,-0.0536893
0.445127304653214,-0.0536893
0.44556628621598837,-0.0536893
0.44600526777876276,-0.0536893
0.44644424934153715,-0.0536893
0.44688323090431153,-0.0536893
0.4473222124670859,-0.0536893
0.4477611940298603,-0.0536893
0.4482001755926347,-0.0521553
0.4486391571554091,-0.0521553
0.4490781387181835,-0.0536893
0.44951712028095786,-0.0536893
0.44995610184373225,-0.0536893
0.45039508340650664,-0.0536893
0.450834064969281,-0.0536893
0.4512730465320554,-0.0536893
0.4517120280948298,-0.0521553
0.4521510096576042,-0.0521553
0.4525899912203786,-0.0536893
0.45302897278315296,-0.0521553
0.45346795434592735,-0.0536893
0.45390693590870174,-0.0536893
0.4543459174714761,-0.0521553
0.4547848990342505,-0.0536893
0.4552238805970249,-0.0536893
0.4556628621597993,-0.0521553
0.4561018437225737,-0.0521553
0.45654082528534806,-0.0521553
0.45697980684812245,-0.0521553
0.45741878841089684,-0.0521553
0.4578577699736712,-0.0536893
0.4582967515364456,-0.0521553
0.45873573309922,-0.0521553
0.4591747146619944,-0.0521553
0.4596136962247688,-0.0521553
0.46005267778754316,-0.0521553
0.46049165935031755,-0.0521553
0.46093064091309194,-0.0521553
0.4613696224758663,-0.0521553
0.4618086040386407,-0.0521553
0.4622475856014151,-0.0506214
0.4626865671641895,-0.0506214
0.4631255487269639,-0.0506214
0.46356453028973826,-0.0506214
0.46400351185251265,-0.0490874
0.46444249341528704,-0.0475534
0.4648814749780614,-0.0475534
0.4653204565408358,-0.0460194
0.4657594381036102,-0.0460194
0.4661984196663846,-0.0444854
0.466637401229159,-0.0429515
0.46707638279193336,-0.0429515
0.46751536435470775,-0.0414175
0.46795434591748214,-0.0414175
0.4683933274802565,-0.0383495
0.4688323090430309,-0.0383495
0.4692712906058053,-0.0352816
0.4697102721685797,-0.0337476
0.4701492537313541,-0.0337476
0.47058823529412847,-0.0306796
0.47102721685690285,-0.0306796
0.47146619841967724,-0.0291456
0.47190517998245163,-0.0276117
0.472344161545226,-0.0260777
0.4727831431080004,-0.0245437
0.4732221246707748,-0.0230097
0.4736611062335492,-0.0214757
0.47410008779632357,-0.0199418
0.47453906935909795,-0.0184078
0.47497805092187234,-0.0184078
0.47541703248464673,-0.0153398
0.4758560140474211,-0.0138058
0.4762949956101955,-0.0122718
0.4767339771729699,-0.0107379
0.4771729587357443,-0.00920388
0.47761194029851867,-0.0076699
0.47805092186129305,-0.00613592
0.47848990342406744,-0.00460194
0.47892888498684183,-0.00306796
0.4793678665496162,-0.00153398
0.4798068481123906,0
0.480245829675165,0.00153398
0.4806848112379394,0.00306796
0.48112379280071377,0.00460194
0.48156277436348816,0.00613592
0.48200175592626254,0.0076699
0.48244073748903693,0.00920388
0.4828797190518113,0.0107379
0.4833187006145857,0.0122718
0.4837576821773601,0.0138058
0.4841966637401345,0.0153398
0.48463564530290887,0.0168738
0.48507462686568326,0.0184078
0.48551360842845764,0.0214757
0.48595258999123203,0.0230097
0.4863915715540064,0.0230097
0.4868305531167808,0.0245437
0.4872695346795552,0.0276117
0.4877085162423296,0.0291456
0.48814749780510397,0.0306796
0.48858647936787836,0.0337476
0.48902546093065274,0.0337476
0.48946444249342713,0.0352816
0.4899034240562015,0.0368155
0.4903424056189759,0.0383495
0.4907813871817503,0.0398835
0.4912203687445247,0.0414175
0.49165935030729907,0.0429515
0.49209833187007346,0.0444854
0.49253731343284785,0.0460194
0.49297629499562223,0.0490874
0.4934152765583966,0.0506214
0.493854258121171,0.0506214
0.4942932396839454,0.0536893
0.4947322212467198,0.0552233
0.49517120280949417,0.0552233
0.49561018437226856,0.0567573
0.49604916593504295,0.0598253
0.49648814749781733,0.0613592
0.4969271290605917,0.0628932
0.4973661106233661,0.0644272
0.4978050921861405,0.0659612
0.4982440737489149,0.0659612
0.49868305531168927,0.0674952
0.49912203687446366,0.0690291
0.49956101843723805,0.0705631
0.5000000000000124,0.0720971
0.5004389815627868,0.0736311
0.5008779631255611,0.0751651
0.5013169446883354,0.076699
0.5017559262511098,0.078233
0.5021949078138841,0.079767
0.5026338893766584,0.081301
0.5030728709394328,0.082835
0.5035118525022071,0.0843689
0.5039508340649814,0.0859029
0.5043898156277558,0.0874369
0.5048287971905301,0.0874369
0.5052677787533044,0.0889709
0.5057067603160788,0.0905049
0.5061457418788531,0.0920388
0.5065847234416274,0.0935728
0.5070237050044017,0.0951068
0.5074626865671761,0.0966408
0.5079016681299504,0.0981748
0.5083406496927247,0.0997088
0.5087796312554991,0.101243
0.5092186128182734,0.102777
0.5096575943810477,0.104311
0.5100965759438221,0.104311
0.5105355575065964,0.105845
0.5109745390693707,0.107379
0.5114135206321451,0.108913
0.5118525021949194,0.110447
0.5122914837576937,0.111981
0.5127304653204681,0.111981
0.5131694468832424,0.113515
0.5136084284460167,0.115049
0.5140474100087911,0.118117
0.5144863915715654,0.118117
0.5149253731343397,0.119651
0.5153643546971141,0.121184
0.5158033362598884,0.122718
0.5162423178226627,0.122718
0.516681299385437,0.124252
0.5171202809482114,0.125786
0.5175592625109857,0.12732
0.51799824407376,0.12732
0.5184372256365344,0.128854
0.5188762071993087,0.130388
0.519315188762083,0.131922
0.5197541703248574,0.131922
0.5201931518876317,0.131922
0.520632133450406,0.133456
0.5210711150131804,0.133456
0.5215100965759547,0.13499
0.521949078138729,0.13499
0.5223880597015034,0.136524
0.5228270412642777,0.138058
0.523266022827052,0.138058
0.5237050043898264,0.138058
0.5241439859526007,0.139592
0.524582967515375,0.141126
0.5250219490781494,0.141126
0.5254609306409237,0.14266
0.525899912203698,0.14266
0.5263388937664724,0.144194
0.5267778753292467,0.144194
0.527216856892021,0.145728
0.5276558384547954,0.148796
0.5280948200175697,0.148796
0.528533801580344,0.15033
0.5289727831431184,0.15033
0.5294117647058927,0.151864
0.529850746268667,0.151864
0.5302897278314413,0.153398
0.5307287093942157,0.153398
0.53116769095699,0.154932
0.5316066725197643,0.154932
0.5320456540825387,0.154932
0.532484635645313,0.154932
0.5329236172080873,0.154932
0.5333625987708617,0.156466
0.533801580333636,0.156466
0.5342405618964103,0.156466
0.5346795434591847,0.156466
0.535118525021959,0.158
0.5355575065847333,0.158
0.5359964881475077,0.158
0.536435469710282,0.158
0.5368744512730563,0.158
0.5373134328358307,0.159534
0.537752414398605,0.159534
0.5381913959613793,0.159534
0.5386303775241537,0.159534
0.539069359086928,0.159534
0.5395083406497023,0.159534
0.5399473222124767,0.161068
0.540386303775251,0.161068
0.5408252853380253,0.161068
0.5412642669007997,0.161068
0.541703248463574,0.161068
0.5421422300263483,0.162602
0.5425812115891226,0.161068
0.543020193151897,0.162602
0.5434591747146713,0.162602
0.5438981562774456,0.162602
0.54433713784022,0.162602
0.5447761194029943,0.162602
0.5452151009657686,0.162602
0.545654082528543,0.162602
0.5460930640913173,0.162602
0.5465320456540916,0.162602
0.546971027216866,0.162602
0.5474100087796403,0.162602
0.5478489903424146,0.162602
0.548287971905189,0.162602
0.5487269534679633,0.162602
0.5491659350307376,0.162602
0.549604916593512,0.162602
0.5500438981562863,0.162602
0.5504828797190606,0.162602
0.550921861281835,0.162602
0.5513608428446093,0.162602
0.5517998244073836,0.162602
0.552238805970158,0.162602
0.5526777875329323,0.162602
0.5531167690957066,0.162602
0.553555750658481,0.162602
0.5539947322212553,0.162602
0.5544337137840296,0.161068
0.554872695346804,0.162602
0.5553116769095783,0.162602
0.5557506584723526,0.162602
0.5561896400351269,0.162602
0.5566286215979013,0.162602
0.5570676031606756,0.162602
0.5575065847234499,0.162602
0.5579455662862243,0.162602
0.5583845478489986,0.162602
0.5588235294117729,0.162602
0.5592625109745473,0.162602
0.5597014925373216,0.162602
0.5601404741000959,0.162602
0.5605794556628703,0.162602
0.5610184372256446,0.162602
0.5614574187884189,0.162602
0.5618964003511933,0.162602
0.5623353819139676,0.162602
0.5627743634767419,0.162602
0.5632133450395163,0.162602
0.5636523266022906,0.162602
0.5640913081650649,0.162602
0.5645302897278393,0.162602
0.5649692712906136,0.162602
0.5654082528533879,0.162602
0.5658472344161622,0.162602
0.5662862159789366,0.162602
0.5667251975417109,0.162602
0.5671641791044852,0.162602
0.5676031606672596,0.162602
0.5680421422300339,0.162602
0.5684811237928082,0.162602
0.5689201053555826,0.162602
0.5693590869183569,0.162602
0.5697980684811312,0.162602
0.5702370500439056,0.161068
0.5706760316066799,0.161068
0.5711150131694542,0.161068
0.5715539947322286,0.161068
0.5719929762950029,0.161068
0.5724319578577772,0.161068
0.5728709394205516,0.161068
0.5733099209833259,0.161068
0.5737489025461002,0.159534
0.5741878841088746,0.159534
0.5746268656716489,0.159534
0.5750658472344232,0.159534
0.5755048287971976,0.159534
0.5759438103599719,0.159534
0.5763827919227462,0.158
0.5768217734855206,0.159534
0.5772607550482949,0.159534
0.5776997366110692,0.158
0.5781387181738435,0.158
0.5785776997366179,0.158
0.5790166812993922,0.158
0.5794556628621665,0.158
0.5798946444249409,0.158
0.5803336259877152,0.158
0.5807726075504895,0.158
0.5812115891132639,0.158
0.5816505706760382,0.158
0.5820895522388125,0.158
0.5825285338015869,0.158
0.5829675153643612,0.158
0.5834064969271355,0.158
0.5838454784899099,0.158
0.5842844600526842,0.158
0.5847234416154585,0.158
0.5851624231782329,0.158
0.5856014047410072,0.158
0.5860403863037815,0.158
0.5864793678665559,0.158
0.5869183494293302,0.158
0.5873573309921045,0.158
0.5877963125548789,0.158
0.5882352941176532,0.158
0.5886742756804275,0.158
0.5891132572432018,0.158
0.5895522388059762,0.158
0.5899912203687505,0.158
0.5904302019315248,0.158
0.5908691834942992,0.158
0.5913081650570735,0.158
0.5917471466198478,0.158
0.5921861281826222,0.158
0.5926251097453965,0.158
0.5930640913081708,0.158
0.5935030728709452,0.158
0.5939420544337195,0.158
0.5943810359964938,0.159534
0.5948200175592682,0.158
0.5952589991220425,0.158
0.5956979806848168,0.158
0.5961369622475912,0.158
0.5965759438103655,0.158
0.5970149253731398,0.158
0.5974539069359142,0.158
0.5978928884986885,0.159534
0.5983318700614628,0.158
0.5987708516242372,0.158
0.5992098331870115,0.158
0.5996488147497858,0.158
0.6000877963125602,0.158
0.6005267778753345,0.158
0.6009657594381088,0.158
0.6014047410008831,0.158
0.6018437225636575,0.158
0.6022827041264318,0.158
0.6027216856892061,0.158
0.6031606672519805,0.158
0.6035996488147548,0.158
0.6040386303775291,0.158
0.6044776119403035,0.158
0.6049165935030778,0.158
0.6053555750658521,0.158
0.6057945566286265,0.158
0.6062335381914008,0.158
0.6066725197541751,0.158
0.6071115013169495,0.158
0.6075504828797238,0.158
0.6079894644424981,0.158
0.6084284460052725,0.158
0.6088674275680468,0.158
0.6093064091308211,0.158
0.6097453906935955,0.158
0.6101843722563698,0.158
0.6106233538191441,0.159534
0.6110623353819185,0.158
0.6115013169446928,0.158
0.6119402985074671,0.159534
0.6123792800702414,0.158
0.6128182616330158,0.158
0.6132572431957901,0.158
0.6136962247585644,0.158
0.6141352063213388,0.159534
0.6145741878841131,0.159534
0.6150131694468874,0.159534
0.6154521510096618,0.158
0.6158911325724361,0.159534
0.6163301141352104,0.159534
0.6167690956979848,0.159534
0.6172080772607591,0.158
0.6176470588235334,0.158
0.6180860403863078,0.159534
0.6185250219490821,0.159534
0.6189640035118564,0.158
0.6194029850746308,0.159534
0.6198419666374051,0.159534
0.6202809482001794,0.158
0.6207199297629538,0.159534
0.6211589113257281,0.159534
0.6215978928885024,0.159534
0.6220368744512768,0.159534
0.6224758560140511,0.159534
0.6229148375768254,0.158
0.6233538191395998,0.158
0.6237928007023741,0.159534
0.6242317822651484,0.158
0.6246707638279227,0.159534
0.6251097453906971,0.159534
0.6255487269534714,0.159534
0.6259877085162457,0.159534
0.6264266900790201,0.158
0.6268656716417944,0.158
0.6273046532045687,0.159534
0.6277436347673431,0.159534
0.6281826163301174,0.159534
0.6286215978928917,0.159534
0.6290605794556661,0.159534
0.6294995610184404,0.159534
0.6299385425812147,0.158
0.6303775241439891,0.158
0.6308165057067634,0.159534
0.6312554872695377,0.158
0.6316944688323121,0.159534
0.6321334503950864,0.159534
0.6325724319578607,0.159534
0.6330114135206351,0.158
0.6334503950834094,0.159534
0.6338893766461837,0.159534
0.634328358208958,0.159534
0.6347673397717324,0.159534
0.6352063213345067,0.159534
0.635645302897281,0.158
0.6360842844600554,0.159534
0.6365232660228297,0.159534
0.636962247585604,0.159534
0.6374012291483784,0.158
0.6378402107111527,0.159534
0.638279192273927,0.159534
0.6387181738367014,0.159534
0.6391571553994757,0.159534
0.63959613696225,0.159534
0.6400351185250244,0.159534
0.6404741000877987,0.159534
0.640913081650573,0.159534
0.6413520632133474,0.159534
0.6417910447761217,0.159534
0.642230026338896,0.159534
0.6426690079016704,0.159534
0.6431079894644447,0.159534
0.643546971027219,0.159534
0.6439859525899934,0.159534
0.6444249341527677,0.159534
0.644863915715542,0.159534
0.6453028972783164,0.159534
0.6457418788410907,0.159534
0.646180860403865,0.159534
0.6466198419666394,0.159534
0.6470588235294137,0.159534
0.647497805092188,0.159534
0.6479367866549623,0.159534
0.6483757682177367,0.159534
0.648814749780511,0.159534
0.6492537313432853,0.159534
0.6496927129060597,0.159534
0.650131694468834,0.159534
0.6505706760316083,0.159534
0.6510096575943827,0.159534
0.651448639157157,0.159534
0.6518876207199313,0.159534
0.6523266022827057,0.159534
0.65276558384548,0.159534
0.6532045654082543,0.159534
0.6536435469710287,0.159534
0.654082528533803,0.159534
0.6545215100965773,0.159534
0.6549604916593517,0.159534
0.655399473222126,0.159534
0.6558384547849003,0.159534
0.6562774363476747,0.159534
0.656716417910449,0.159534
0.6571553994732233,0.159534
0.6575943810359977,0.159534
0.658033362598772,0.159534
0.6584723441615463,0.159534
0.6589113257243207,0.159534
0.659350307287095,0.161068
0.6597892888498693,0.159534
0.6602282704126436,0.161068
0.660667251975418,0.161068
0.6611062335381923,0.161068
0.6615452151009666,0.161068
0.661984196663741,0.161068
0.6624231782265153,0.161068
0.6628621597892896,0.162602
0.663301141352064,0.161068
0.6637401229148383,0.162602
0.6641791044776126,0.162602
0.664618086040387,0.162602
0.6650570676031613,0.162602
0.6654960491659356,0.164136
0.66593503072871,0.164136
0.6663740122914843,0.164136
0.6668129938542586,0.164136
0.667251975417033,0.164136
0.6676909569798073,0.164136
0.6681299385425816,0.164136
0.668568920105356,0.164136
0.6690079016681303,0.164136
0.6694468832309046,0.16567
0.669885864793679,0.16567
0.6703248463564533,0.16567
0.6707638279192276,0.164136
0.671202809482002,0.16567
0.6716417910447763,0.16567
0.6720807726075506,0.16567
0.672519754170325,0.16567
0.6729587357330993,0.16567
0.6733977172958736,0.16567
0.6738366988586479,0.16567
0.6742756804214223,0.16567
0.6747146619841966,0.16567
0.6751536435469709,0.16567
0.6755926251097453,0.16567
0.6760316066725196,0.16567
0.6764705882352939,0.16567
0.6769095697980683,0.16567
0.6773485513608426,0.167204
0.6777875329236169,0.167204
0.6782265144863913,0.167204
0.6786654960491656,0.16567
0.6791044776119399,0.167204
0.6795434591747143,0.167204
0.6799824407374886,0.167204
0.6804214223002629,0.167204
0.6808604038630373,0.167204
0.6812993854258116,0.167204
0.6817383669885859,0.168738
0.6821773485513603,0.168738
0.6826163301141346,0.168738
0.6830553116769089,0.168738
0.6834942932396832,0.168738
0.6839332748024576,0.168738
0.6843722563652319,0.170272
0.6848112379280062,0.170272
0.6852502194907806,0.170272
0.6856892010535549,0.170272
0.6861281826163292,0.170272
0.6865671641791036,0.171806
0.6870061457418779,0.170272
0.6874451273046522,0.170272
0.6878841088674266,0.170272
0.6883230904302009,0.171806
0.6887620719929752,0.171806
0.6892010535557496,0.171806
0.6896400351185239,0.171806
0.6900790166812982,0.171806
0.6905179982440726,0.170272
0.6909569798068469,0.170272
0.6913959613696212,0.171806
0.6918349429323956,0.171806
0.6922739244951699,0.170272
0.6927129060579442,0.170272
0.6931518876207186,0.171806
0.6935908691834929,0.170272
0.6940298507462672,0.171806
0.6944688323090416,0.170272
0.6949078138718159,0.170272
0.6953467954345902,0.168738
0.6957857769973645,0.168738
0.6962247585601389,0.167204
0.6966637401229132,0.16567
0.6971027216856875,0.16567
0.6975417032484619,0.164136
0.6979806848112362,0.162602
0.6984196663740105,0.161068
0.6988586479367849,0.159534
0.6992976294995592,0.156466
0.6997366110623335,0.154932
0.7001755926251079,0.151864
0.7006145741878822,0.15033
0.7010535557506565,0.145728
0.7014925373134309,0.14266
0.7019315188762052,0.139592
0.7023705004389795,0.13499
0.7028094820017539,0.133456
0.7032484635645282,0.130388
0.7036874451273025,0.125786
0.7041264266900769,0.122718
0.7045654082528512,0.121184
0.7050043898156255,0.116583
0.7054433713783999,0.113515
0.7058823529411742,0.110447
0.7063213345039485,0.107379
0.7067603160667228,0.102777
0.7071992976294972,0.0997088
0.7076382791922715,0.0951068
0.7080772607550458,0.0905049
0.7085162423178202,0.0874369
0.7089552238805945,0.0843689
0.7093942054433688,0.079767
0.7098331870061432,0.076699
0.7102721685689175,0.0720971
0.7107111501316918,0.0674952
0.7111501316944662,0.0644272
0.7115891132572405,0.0598253
0.7120280948200148,0.0552233
0.7124670763827892,0.0521553
0.7129060579455635,0.0475534
0.7133450395083378,0.0444854
0.7137840210711122,0.0398835
0.7142230026338865,0.0352816
0.7146619841966608,0.0322136
0.7151009657594352,0.0276117
0.7155399473222095,0.0230097
0.7159789288849838,0.0199418
0.7164179104477582,0.0138058
0.7168568920105325,0.0107379
0.7172958735733068,0.00613592
0.7177348551360812,0.00153398
0.7181738366988555,-0.00306796
0.7186128182616298,-0.00920388
0.7190517998244041,-0.0138058
0.7194907813871785,-0.0184078
0.7199297629499528,-0.0230097
0.7203687445127271,-0.0276117
0.7208077260755015,-0.0322136
0.7212467076382758,-0.0383495
0.7216856892010501,-0.0429515
0.7221246707638245,-0.0490874
0.7225636523265988,-0.0536893
0.7230026338893731,-0.0598253
0.7234416154521475,-0.0644272
0.7238805970149218,-0.0690291
0.7243195785776961,-0.0751651
0.7247585601404705,-0.079767
0.7251975417032448,-0.0859029
0.7256365232660191,-0.0905049
0.7260755048287935,-0.0951068
0.7265144863915678,-0.101243
0.7269534679543421,-0.105845
0.7273924495171165,-0.110447
0.7278314310798908,-0.115049
0.7282704126426651,-0.121184
0.7287093942054395,-0.125786
0.7291483757682138,-0.130388
0.7295873573309881,-0.136524
0.7300263388937624,-0.141126
0.7304653204565368,-0.147262
0.7309043020193111,-0.151864
0.7313432835820854,-0.156466
0.7317822651448598,-0.162602
0.7322212467076341,-0.167204
0.7326602282704084,-0.17334
0.7330992098331828,-0.179476
0.7335381913959571,-0.184078
0.7339771729587314,-0.190214
0.7344161545215058,-0.194816
0.7348551360842801,-0.200951
0.7352941176470544,-0.205553
0.7357330992098288,-0.211689
0.7361720807726031,-0.216291
0.7366110623353774,-0.222427
0.7370500438981518,-0.228563
0.7374890254609261,-0.234699
0.7379280070237004,-0.239301
0.7383669885864748,-0.246971
0.7388059701492491,-0.253107
0.7392449517120234,-0.257709
0.7396839332747978,-0.265379
0.7401229148375721,-0.269981
0.7405618964003464,-0.276117
0.7410008779631208,-0.282252
0.7414398595258951,-0.289922
0.7418788410886694,-0.296058
0.7423178226514437,-0.302194
0.7427568042142181,-0.309864
0.7431957857769924,-0.316
0.7436347673397667,-0.322136
0.7440737489025411,-0.329806
0.7445127304653154,-0.335942
0.7449517120280897,-0.342078
0.7453906935908641,-0.349748
0.7458296751536384,-0.355884
0.7462686567164127,-0.363553
0.7467076382791871,-0.369689
0.7471466198419614,-0.377359
0.7475856014047357,-0.383495
0.7480245829675101,-0.389631
0.7484635645302844,-0.397301
0.7489025460930587,-0.403437
0.7493415276558331,-0.409573
0.7497805092186074,-0.417243
0.7502194907813817,-0.423379
0.7506584723441561,-0.429515
0.7510974539069304,-0.435651
0.7515364354697047,-0.44332
0.751975417032479,-0.449456
0.7524143985952534,-0.455592
0.7528533801580277,-0.461728
0.753292361720802,-0.469398
0.7537313432835764,-0.475534
0.7541703248463507,-0.48167
0.754609306409125,-0.48934
0.7550482879718994,-0.495476
0.7554872695346737,-0.501612
0.755926251097448,-0.509282
0.7563652326602224,-0.515418
0.7568042142229967,-0.523087
0.757243195785771,-0.530757
0.7576821773485454,-0.538427
0.7581211589113197,-0.546097
0.758560140474094,-0.553767
0.7589991220368684,-0.561437
0.7594381035996427,-0.569107
0.759877085162417,-0.576777
0.7603160667251914,-0.585981
0.7607550482879657,-0.593651
0.76119402985074,-0.601321
0.7616330114135144,-0.612058
0.7620719929762887,-0.619728
0.762510974539063,-0.628932
0.7629499561018374,-0.636602
0.7633889376646117,-0.64734
0.763827919227386,-0.656544
0.7642669007901604,-0.665748
0.7647058823529347,-0.674952
0.765144863915709,-0.684155
0.7655838454784833,-0.694893
0.7660228270412577,-0.704097
0.766461808604032,-0.711767
0.7669007901668063,-0.722505
0.7673397717295807,-0.731709
0.767778753292355,-0.739379
0.7682177348551293,-0.750117
0.7686567164179037,-0.75932
0.769095697980678,-0.768524
0.7695346795434523,-0.777728
0.7699736611062267,-0.786932
0.770412642669001,-0.79767
0.7708516242317753,-0.80534
0.7712906057945497,-0.814544
0.771729587357324,-0.823748
0.7721685689200983,-0.83602
0.7726075504828727,-0.845223
0.773046532045647,-0.852893
0.7734855136084213,-0.862097
0.7739244951711957,-0.871301
0.77436347673397,-0.880505
0.7748024582967443,-0.889709
0.7752414398595187,-0.898913
0.775680421422293,-0.906583
0.7761194029850673,-0.915787
0.7765583845478417,-0.92499
0.776997366110616,-0.93266
0.7774363476733903,-0.938796
0.7778753292361646,-0.946466
0.778314310798939,-0.954136
0.7787532923617133,-0.96334
0.7791922739244876,-0.97101
0.779631255487262,-0.980214
0.7800702370500363,-0.987884
0.7805092186128106,-0.995554
0.780948200175585,-1.00322
0.7813871817383593,-1.01089
0.7818261633011336,-1.0201
0.782265144863908,-1.02777
0.7827041264266823,-1.03544
0.7831431079894566,-1.04311
0.783582089552231,-1.05078
0.7840210711150053,-1.05998
0.7844600526777796,-1.06765
0.784899034240554,-1.07685
0.7853380158033283,-1.08606
0.7857769973661026,-1.09526
0.786215978928877,-1.10293
0.7866549604916513,-1.11214
0.7870939420544256,-1.12134
0.7875329236172,-1.12901
0.7879719051799743,-1.13821
0.7884108867427486,-1.14895
0.788849868305523,-1.15662
0.7892888498682973,-1.16736
0.7897278314310716,-1.17656
0.790166812993846,-1.18577
0.7906057945566203,-1.19497
0.7910447761193946,-1.20417
0.7914837576821689,-1.21338
0.7919227392449433,-1.22258
0.7923617208077176,-1.23025
0.7928007023704919,-1.23792
0.7932396839332663,-1.24559
0.7936786654960406,-1.2548
0.7941176470588149,-1.26247
0.7945566286215893,-1.27014
0.7949956101843636,-1.27781
0.7954345917471379,-1.28701
0.7958735733099123,-1.29468
0.7963125548726866,-1.30082
0.7967515364354609,-1.31002
0.7971905179982353,-1.31769
0.7976294995610096,-1.32383
0.7980684811237839,-1.32996
0.7985074626865583,-1.33763
0.7989464442493326,-1.34377
0.7993854258121069,-1.35297
0.7998244073748813,-1.35911
0.8002633889376556,-1.36678
0.8007023705004299,-1.37445
0.8011413520632042,-1.38212
0.8015803336259786,-1.38979
0.8020193151887529,-1.39592
0.8024582967515272,-1.40513
0.8028972783143016,-1.41126
0.8033362598770759,-1.41893
0.8037752414398502,-1.4266
0.8042142230026246,-1.43427
0.8046532045653989,-1.44041
0.8050921861281732,-1.44961
0.8055311676909476,-1.45575
0.8059701492537219,-1.46342
0.8064091308164962,-1.47109
0.8068481123792706,-1.47876
0.8072870939420449,-1.48489
0.8077260755048192,-1.49103
0.8081650570675936,-1.49717
0.8086040386303679,-1.5033
0.8090430201931422,-1.50944
0.8094820017559166,-1.51557
0.8099209833186909,-1.52171
0.8103599648814652,-1.52478
0.8107989464442396,-1.52938
0.8112379280070139,-1.53398
0.8116769095697882,-1.53858
0.8121158911325626,-1.54318
0.8125548726953369,-1.54779
0.8129938542581112,-1.55239
0.8134328358208855,-1.55699
0.8138718173836599,-1.56159
0.8143107989464342,-1.56619
0.8147497805092085,-1.5708
0.8151887620719829,-1.57386
0.8156277436347572,-1.57847
0.8160667251975315,-1.5846
0.8165057067603059,-1.5892
0.8169446883230802,-1.59227
0.8173836698858545,-1.59841
0.8178226514486289,-1.60148
0.8182616330114032,-1.60608
0.8187006145741775,-1.61068
0.8191395961369519,-1.61528
0.8195785776997262,-1.61835
0.8200175592625005,-1.62142
0.8204565408252749,-1.62602
0.8208955223880492,-1.63062
0.8213345039508235,-1.63522
0.8217734855135979,-1.63983
0.8222124670763722,-1.64443
0.8226514486391465,-1.64903
0.8230904302019209,-1.65363
0.8235294117646952,-1.65823
0.8239683933274695,-1.66284
0.8244073748902438,-1.66744
0.8248463564530182,-1.67357
0.8252853380157925,-1.67817
0.8257243195785668,-1.68124
0.8261633011413412,-1.68738
0.8266022827041155,-1.69198
0.8270412642668898,-1.69658
0.8274802458296642,-1.70118
0.8279192273924385,-1.70579
0.8283582089552128,-1.71192
0.8287971905179872,-1.71652
0.8292361720807615,-1.71959
0.8296751536435358,-1.72419
0.8301141352063102,-1.7288
0.8305531167690845,-1.73186
0.8309920983318588,-1.73647
0.8314310798946332,-1.73953
0.8318700614574075,-1.7426
0.8323090430201818,-1.7472
0.8327480245829562,-1.75027
0.8331870061457305,-1.75334
0.8336259877085048,-1.75487
0.8340649692712792,-1.75948
0.8345039508340535,-1.76101
0.8349429323968278,-1.76408
0.8353819139596022,-1.76561
0.8358208955223765,-1.76715
0.8362598770851508,-1.76715
0.8366988586479251,-1.76868
0.8371378402106995,-1.76868
0.8375768217734738,-1.76868
0.8380158033362481,-1.77021
0.8384547848990225,-1.77021
0.8388937664617968,-1.77021
0.8393327480245711,-1.77175
0.8397717295873455,-1.77175
0.8402107111501198,-1.77175
0.8406496927128941,-1.77328
0.8410886742756685,-1.77328
0.8415276558384428,-1.77482
0.8419666374012171,-1.77482
0.8424056189639915,-1.77482
0.8428446005267658,-1.77635
0.8432835820895401,-1.77635
0.8437225636523145,-1.77788
0.8441615452150888,-1.77788
0.8446005267778631,-1.77942
0.8450395083406375,-1.77942
0.8454784899034118,-1.78095
0.8459174714661861,-1.78095
0.8463564530289605,-1.78249
0.8467954345917348,-1.78249
0.8472344161545091,-1.78402
0.8476733977172834,-1.78402
0.8481123792800578,-1.78555
0.8485513608428321,-1.78709
0.8489903424056064,-1.78709
0.8494293239683808,-1.78862
0.8498683055311551,-1.78862
0.8503072870939294,-1.78862
0.8507462686567038,-1.79016
0.8511852502194781,-1.79016
0.8516242317822524,-1.79169
0.8520632133450268,-1.79322
0.8525021949078011,-1.79476
0.8529411764705754,-1.79476
0.8533801580333498,-1.79783
0.8538191395961241,-1.79936
0.8542581211588984,-1.80089
0.8546971027216728,-1.80243
0.8551360842844471,-1.80396
0.8555750658472214,-1.8055
0.8560140474099958,-1.80703
0.8564530289727701,-1.8101
0.8568920105355444,-1.81163
0.8573309920983188,-1.81317
0.8577699736610931,-1.81317
0.8582089552238674,-1.8147
0.8586479367866418,-1.81623
0.8590869183494161,-1.81777
0.8595258999121904,-1.81777
0.8599648814749647,-1.8193
0.8604038630377391,-1.82084
0.8608428446005134,-1.82084
0.8612818261632877,-1.82237
0.8617208077260621,-1.82237
0.8621597892888364,-1.8239
0.8625987708516107,-1.82544
0.8630377524143851,-1.82697
0.8634767339771594,-1.82697
0.8639157155399337,-1.82851
0.8643546971027081,-1.83004
0.8647936786654824,-1.83311
0.8652326602282567,-1.83464
0.8656716417910311,-1.83618
0.8661106233538054,-1.83771
0.8665496049165797,-1.83924
0.8669885864793541,-1.84078
0.8674275680421284,-1.84231
0.8678665496049027,-1.84538
0.8683055311676771,-1.84691
0.8687445127304514,-1.84845
0.8691834942932257,-1.84998
0.869622475856,-1.85151
0.8700614574187744,-1.85305
0.8705004389815487,-1.85458
0.870939420544323,-1.85765
0.8713784021070974,-1.85918
0.8718173836698717,-1.85918
0.872256365232646,-1.86225
0.8726953467954204,-1.86379
0.8731343283581947,-1.86532
0.873573309920969,-1.86685
0.8740122914837434,-1.86839
0.8744512730465177,-1.86992
0.874890254609292,-1.87146
0.8753292361720664,-1.87299
0.8757682177348407,-1.87452
0.876207199297615,-1.87606
0.8766461808603894,-1.87606
0.8770851624231637,-1.87913
0.877524143985938,-1.87913
0.8779631255487124,-1.88066
0.8784021071114867,-1.88066
0.878841088674261,-1.88066
0.8792800702370354,-1.88219
0.8797190517998097,-1.88373
0.880158033362584,-1.88373
0.8805970149253584,-1.88373
0.8810359964881327,-1.88373
0.881474978050907,-1.88526
0.8819139596136814,-1.88526
0.8823529411764557,-1.88526
0.88279192273923,-1.88526
0.8832309043020043,-1.88526
0.8836698858647787,-1.8868
0.884108867427553,-1.8868
0.8845478489903273,-1.8868
0.8849868305531017,-1.88833
0.885425812115876,-1.88833
0.8858647936786503,-1.88833
0.8863037752414247,-1.88833
0.886742756804199,-1.88986
0.8871817383669733,-1.88986
0.8876207199297477,-1.8914
0.888059701492522,-1.8914
0.8884986830552963,-1.89293
0.8889376646180707,-1.89293
0.889376646180845,-1.89447
0.8898156277436193,-1.89447
0.8902546093063937,-1.896
0.890693590869168,-1.896
0.8911325724319423,-1.89753
0.8915715539947167,-1.89753
0.892010535557491,-1.89753
0.8924495171202653,-1.89753
0.8928884986830397,-1.89753
0.893327480245814,-1.89753
0.8937664618085883,-1.89753
0.8942054433713627,-1.89753
0.894644424934137,-1.89753
0.8950834064969113,-1.89753
0.8955223880596856,-1.89753
0.89596136962246,-1.89753
0.8964003511852343,-1.89753
0.8968393327480086,-1.89753
0.897278314310783,-1.89753
0.8977172958735573,-1.89753
0.8981562774363316,-1.89753
0.898595258999106,-1.89753
0.8990342405618803,-1.89753
0.8994732221246546,-1.89753
0.899912203687429,-1.89753
0.9003511852502033,-1.89753
0.9007901668129776,-1.89753
0.901229148375752,-1.89753
0.9016681299385263,-1.89753
0.9021071115013006,-1.89753
0.902546093064075,-1.89753
0.9029850746268493,-1.89753
0.9034240561896236,-1.89753
0.903863037752398,-1.89753
0.9043020193151723,-1.89753
0.9047410008779466,-1.89753
0.905179982440721,-1.89753
0.9056189640034953,-1.89753
0.9060579455662696,-1.89753
0.906496927129044,-1.89753
0.9069359086918183,-1.89753
0.9073748902545926,-1.89753
0.907813871817367,-1.89753
0.9082528533801413,-1.89753
0.9086918349429156,-1.89753
0.9091308165056899,-1.89753
0.9095697980684643,-1.89753
0.9100087796312386,-1.89753
0.9104477611940129,-1.89753
0.9108867427567873,-1.89753
0.9113257243195616,-1.89753
0.9117647058823359,-1.89753
0.9122036874451103,-1.89753
0.9126426690078846,-1.89753
0.9130816505706589,-1.89753
0.9135206321334333,-1.89753
0.9139596136962076,-1.89753
0.9143985952589819,-1.89753
0.9148375768217563,-1.89753
0.9152765583845306,-1.89753
0.9157155399473049,-1.89753
0.9161545215100793,-1.89753
0.9165935030728536,-1.89753
0.9170324846356279,-1.89753
0.9174714661984023,-1.89753
0.9179104477611766,-1.89753
0.9183494293239509,-1.89753
0.9187884108867252,-1.89753
0.9192273924494996,-1.89753
0.9196663740122739,-1.89753
0.9201053555750482,-1.89753
0.9205443371378226,-1.89753
0.9209833187005969,-1.89753
0.9214223002633712,-1.89753
0.9218612818261456,-1.89753
0.9223002633889199,-1.89753
0.9227392449516942,-1.89753
0.9231782265144686,-1.89753
0.9236172080772429,-1.89753
0.9240561896400172,-1.89753
0.9244951712027916,-1.89753
0.9249341527655659,-1.89753
0.9253731343283402,-1.89753
0.9258121158911146,-1.89753
0.9262510974538889,-1.89753
0.9266900790166632,-1.89753
0.9271290605794376,-1.89753
0.9275680421422119,-1.89753
0.9280070237049862,-1.89753
0.9284460052677606,-1.89753
0.9288849868305349,-1.89753
0.9293239683933092,-1.89753
0.9297629499560836,-1.89753
0.9302019315188579,-1.89753
0.9306409130816322,-1.89753
0.9310798946444065,-1.89753
0.9315188762071809,-1.89753
0.9319578577699552,-1.89753
0.9323968393327295,-1.89907
0.9328358208955039,-1.89753
0.9332748024582782,-1.89753
0.9337137840210525,-1.89753
0.9341527655838269,-1.89753
0.9345917471466012,-1.89753
0.9350307287093755,-1.89753
0.9354697102721499,-1.89753
0.9359086918349242,-1.89753
0.9363476733976985,-1.89753
0.9367866549604729,-1.89753
0.9372256365232472,-1.89753
0.9376646180860215,-1.89753
0.9381035996487959,-1.89753
0.9385425812115702,-1.89753
0.9389815627743445,-1.89753
0.9394205443371189,-1.89753
0.9398595258998932,-1.89753
0.9402985074626675,-1.89753
0.9407374890254419,-1.89753
0.9411764705882162,-1.89753
0.9416154521509905,-1.89753
0.9420544337137648,-1.89753
0.9424934152765392,-1.89753
0.9429323968393135,-1.89753
0.9433713784020878,-1.89753
0.9438103599648622,-1.89753
0.9442493415276365,-1.89753
0.9446883230904108,-1.89753
0.9451273046531852,-1.89753
0.9455662862159595,-1.89753
0.9460052677787338,-1.89753
0.9464442493415082,-1.89753
0.9468832309042825,-1.89753
0.9473222124670568,-1.89753
0.9477611940298312,-1.89753
0.9482001755926055,-1.89753
0.9486391571553798,-1.89753
0.9490781387181542,-1.89753
0.9495171202809285,-1.89753
0.9499561018437028,-1.89753
0.9503950834064772,-1.89753
0.9508340649692515,-1.89753
0.9512730465320258,-1.89753
0.9517120280948002,-1.89753
0.9521510096575745,-1.89753
0.9525899912203488,-1.89753
0.9530289727831232,-1.89753
0.9534679543458975,-1.89753
0.9539069359086718,-1.89753
0.9543459174714461,-1.89753
0.9547848990342205,-1.89753
0.9552238805969948,-1.89753
0.9556628621597691,-1.89753
0.9561018437225435,-1.89753
0.9565408252853178,-1.89753
0.9569798068480921,-1.89753
0.9574187884108665,-1.89753
0.9578577699736408,-1.89753
0.9582967515364151,-1.89753
0.9587357330991895,-1.89753
0.9591747146619638,-1.89753
0.9596136962247381,-1.89753
0.9600526777875125,-1.89753
0.9604916593502868,-1.89753
0.9609306409130611,-1.89753
0.9613696224758355,-1.89753
0.9618086040386098,-1.89753
0.9622475856013841,-1.89753
0.9626865671641585,-1.89753
0.9631255487269328,-1.89753
0.9635645302897071,-1.89753
0.9640035118524815,-1.89753
0.9644424934152558,-1.89753
0.9648814749780301,-1.89753
0.9653204565408045,-1.89753
0.9657594381035788,-1.89753
0.9661984196663531,-1.89753
0.9666374012291274,-1.89753
0.9670763827919018,-1.89753
0.9675153643546761,-1.89753
0.9679543459174504,-1.89753
0.9683933274802248,-1.89753
0.9688323090429991,-1.89753
0.9692712906057734,-1.89753
0.9697102721685478,-1.89753
0.9701492537313221,-1.89753
0.9705882352940964,-1.89753
0.9710272168568708,-1.89753
0.9714661984196451,-1.89753
0.9719051799824194,-1.89753
0.9723441615451938,-1.89753
0.9727831431079681,-1.89753
0.9732221246707424,-1.89753
0.9736611062335168,-1.89753
0.9741000877962911,-1.89753
0.9745390693590654,-1.89753
0.9749780509218398,-1.89753
0.9754170324846141,-1.89753
0.9758560140473884,-1.89753
0.9762949956101628,-1.89753
0.9767339771729371,-1.89753
0.9771729587357114,-1.89753
0.9776119402984857,-1.89753
0.9780509218612601,-1.89753
0.9784899034240344,-1.89753
0.9789288849868087,-1.89753
0.9793678665495831,-1.89753
0.9798068481123574,-1.89753
0.9802458296751317,-1.89753
0.9806848112379061,-1.89753
0.9811237928006804,-1.89753
0.9815627743634547,-1.89753
0.9820017559262291,-1.89753
0.9824407374890034,-1.89753
0.9828797190517777,-1.89753
0.9833187006145521,-1.89753
0.9837576821773264,-1.89753
0.9841966637401007,-1.89753
0.9846356453028751,-1.89753
0.9850746268656494,-1.89753
0.9855136084284237,-1.89753
0.9859525899911981,-1.89753
0.9863915715539724,-1.89753
0.9868305531167467,-1.89753
0.987269534679521,-1.89753
0.9877085162422954,-1.89753
0.9881474978050697,-1.89753
0.988586479367844,-1.89753
0.9890254609306184,-1.89753
0.9894644424933927,-1.89753
0.989903424056167,-1.89753
0.9903424056189414,-1.89753
0.9907813871817157,-1.89753
0.99122036874449,-1.89753
0.9916593503072644,-1.89753
0.9920983318700387,-1.89753
0.992537313432813,-1.89753
0.9929762949955874,-1.89753
0.9934152765583617,-1.89753
0.993854258121136,-1.89753
0.9942932396839104,-1.89753
0.9947322212466847,-1.89753
0.995171202809459,-1.89753
0.9956101843722334,-1.89753
0.9960491659350077,-1.89753
0.996488147497782,-1.89753
0.9969271290605564,-1.89753
0.9973661106233307,-1.89753
0.997805092186105,-1.89753
0.9982440737488794,-1.89753
0.9986830553116537,-1.89753
0.999122036874428,-1.89753
0.9995610184372024,-1.89753
